Genus	GQ	Species	SQ	Subspecies	Author	Comment	onButton	abbreviation	HigherTaxon
Acaeniotyle		amplissima			Foreman		n		others
Acaeniotyle		diaphorogona			Foreman		n		others
Acaeniotyle		helicta			Foreman		n		others
Acaeniotyle		tribulosa			Foreman		n		others
Acaeniotyle		umbilicata			Rust		n		others
Acanthocircus		amissus			Squinabol		n		others
Acanthocircus		carinatus			Foreman		n		others
Acanthocircus		dicranacanthos			Squinabol		n		others
Acanthocircus		ellipticus			Campbell and Clark		n		others
Acanthocircus		multidentatus			(Squinabol) Pessagno 1977		n		others
Acanthocircus		squinaboli			Pessagno		n		others
Acanthocircus		suboblongus			Yao		n		others
Acanthocircus		trizonalis			Ruest		n		others
Acanthocircus		variabilis			Squinabol		n		others
Acanthocyrtis		anthemis			Haeckel		n		others
Acanthodesmia		circumflexa			(Goll) Petrushevskaya		y	A circumflexa	Trissocyclidae
Acanthodesmia		micropora			(Popofsky) Petrushevskaya		n		Trissocyclidae
Acanthodesmia		viniculata			(Mueller) Mueller		n		Trissocyclidae
Acanthosphaera		actinota			Haeckel		n		Actinommidae
Acanthosphaera		castanea			Haeckel		n		Actinommidae
Acanthosphaera		dodecastyla			Mast		n		Actinommidae
Acanthosphaera		pinchuda			Boltovskoy 		n		Actinommidae
Acanthosphaera		tenuis			Haeckel		n		Actinommidae
Acrobotrissa		cribrosa			Popofsky		n		Cannobotryidae
Acrobotrys		chelinobotrys			Takahashi		n		Cannobotryidae
Acrobotrys		disolenia			Haeckel		n		Cannobotryidae
Acrobotrys		sphaerothorax			(Haeckel) Petrushevskaya and Kozlova		n		Cannobotryidae
Acrobotrys		teralans			Renz 		n		Cannobotryidae
Acrobotrys		tessarolobon			Takahashi		n		Cannobotryidae
Acrobotrys		tritubus			Riedel		y	S tritubus	Cannobotryidae
Acrocubus		octopylus			Haeckel		n		Trissocyclidae
Acrosphaera		arktios			(Nigrini)		n		Collosphaeridae
Acrosphaera		australis			Lazarus		n		Collosphaeridae
Acrosphaera		collina			Haeckel		n		Collosphaeridae
Acrosphaera		cyrtodon			(Haeckel) Strelkov and Reshetnyak		n		Collosphaeridae
Acrosphaera		flammabunda			(Haeckel) Johnson and Nigrini		n		Collosphaeridae
Acrosphaera		hamospina			Caulet		n		Collosphaeridae
Acrosphaera		labrata			Lazarus 		n		Collosphaeridae
Acrosphaera		lappacea			(Haeckel) Johnson and Nigrini		n		Collosphaeridae
Acrosphaera		mercurius			Lazarus 		n		Collosphaeridae
Acrosphaera		murrayana			(Haeckel) Hilmers		n		Collosphaeridae
Acrosphaera		pseudarktios			Caulet 		n		Collosphaeridae
Acrosphaera		spinosa			Caulet 		n		Collosphaeridae
Acrosphaera		trepanata			(Haeckel) Goll		n		Collosphaeridae
Acrospyris		lingi			Shilov		n		Trissocyclidae
Actinomma		antarcticum			(Haeckel) Nigrini		n		Actinommidae
Actinomma		arcadophorum			Haeckel		n		Actinommidae
Actinomma		beroes			(Ehrenberg) Petrushevskaya		n		Actinommidae
Actinomma		boreale			Cleve		n		Actinommidae
Actinomma		buspinigerum			(Hays) Petrushevskaya		n		Actinommidae
Actinomma		campylacantha			Caulet		n		Actinommidae
Actinomma		capillaceum			Haeckel		n		Actinommidae
Actinomma		delicatulum			(Dogiel) in Dogiel and Reshetnyak 		n		Actinommidae
Actinomma		golownini			Petrushevskaya 		n		Actinommidae
Actinomma		haysi			Bjoerklund 		n		Actinommidae
Actinomma		henningsmoeni			Goll and Bjoerklund 		n		Actinommidae
Actinomma		holtedahli			Bjoerklund 		n		Actinommidae
Actinomma		kerguelenensis			Caulet		n		Actinommidae
Actinomma		leptodermum			(Jorgensen) Nigrini and Moore		n		Actinommidae
Actinomma		livae			Goll and Bjoerklund 		n		Actinommidae
Actinomma		magnifenestra			Lazarus 		n		Actinommidae
Actinomma		medianum			Nigrini 		n		Actinommidae
Actinomma		mediterranensis			Hollande 		n		Actinommidae
Actinomma		medusa			(Ehrenberg)		n		Actinommidae
Actinomma		mirabile			Goll and Bjoerklund 		n		Actinommidae
Actinomma		plasticum			Goll and Bjoerklund 		n		Actinommidae
Actinomma		popofskii			(Petrushevskaya) Caulet		n		Actinommidae
Actinomma		sol			Cleve 		n		Actinommidae
Actinomma		trinacria			(Haeckel) Cortese and Bjorklund		n		Actinommidae
Actinomma		yosii			Nakaseko 		n		Actinommidae
Actinosphaera		capillacea			(Haeckel) Hollande and Enjumet		n		Actinommidae
Actinosphaera		haackei			(Dreyer) Dumitricia		n		Actinommidae
Actinosphaera		tenella			(Haeckel) Hollande and Enjumet		n		Actinommidae
Afens		liriodes			Riedel and Sanfilippo		n		others
Alievium		elegantissium			Vinassa		n		others
Alievium		gallowayi			White		n		others
Alievium		helenae			Schaaf		n		others
Alievium		murphyi			Pessagno		n		others
Alievium		praegallowayi			Pessagno		n		others
Alievium		sculptus			Squinabol		n		others
Alievium		superbum			Squinabol		n		others
Amphibrachium		concentricum			Glazunova		n		others
Amphibrachium		ornatum			Glazunova		n		others
Amphibrachium?		hastatum			Renz		n		others
Amphicraspedum		murrayanum			Haeckel		n		Spongodiscidae
Amphicraspedum		prolixum			Sanfilippo and Riedel		n		Spongodiscidae
Amphimelissa		setosa			(Cleve) Bernstein		n		Cannobotryidae
Amphiplecta		acrostoma			Haeckel		n		Plagiacanthidae
Amphiplecta		cylindrocephala			Dumitrica 		n		Plagiacanthidae
Amphipternis		alamedaensis			Campbell and Clark		n		others
Amphipternis		clava			(Ehrenberg)		n		Amphipyndacidae
Amphipyndax		enesseffi			Foreman		n		others
Amphipyndax		mediocris			Tan		n		others
Amphipyndax		plousios			Foreman		n		others
Amphipyndax		pseudoconulus			Sanfilippo and Riedel		n		others
Amphipyndax		pyrgodes			Renz		n		others
Amphipyndax		stocki			Campbell and Clark		n		others
Amphipyndax		tylotus			Foreman		n		others
Amphirhopalum		straussii			(Haeckel) Johnson and Nigrini		n		Spongodiscidae
Amphirhopalum		virchowii			(Haeckel) Dumitricia		n		Spongodiscidae
Amphirhopalum		ypsilon			Haeckel		y	L ypsilon	Spongodiscidae
Amphisphaera		aotea			Hollis 		n		Actinommidae
Amphisphaera		cristata			Carnevale		n		Actinommidae
Amphisphaera		goruna			(Sanfilippo and Riedel) 		n		Actinommidae
Amphisphaera		spinosa			Carnevale		n		Actinommidae
Amphisphaera		spinulosa			(Ehrenberg) Petrushevskaya		n		Actinommidae
Amphispyris		roggentheni			Goll 		n		Trissocyclidae
Amphistylus		angelinus			(Campbell and Clark); Chen 		y	D angelinus	Actinommidae
Amphitholus		acanthometra			Haeckel		n		Tholoniidae
Amphymenium		amphistylium			Haeckel		n		Spongodiscidae
Amphymenium		challengerae			Weaver 		n		Spongodiscidae
Amphymenium		splendiarmatum			Clark		n		Spongodiscidae
Androcyclas		gamphonycha			(Joergensen) Joergensen		n		Pterocorythidae
Androspyris		anthropiscus			Haeckel		n		Trissocyclidae
Androspyris		fenestrata			(Haeckel) Goll		n		Trissocyclidae
Androspyris		huxleyi			(Haeckel) Goll		n		Trissocyclidae
Androspyris		ramosa			(Haeckel) Takahashi		n		Trissocyclidae
Androspyris		ramosa			Takahashi		n		others
Androspyris		reticulidisca			Takahashi		n		Trissocyclidae
Angulobracchia		digitata			Baumgartner		n		others
Angulobracchia	(?)	media			Steiger		n		others
Anomalacantha		dentata			Mast		n		Actinommidae
Antarctissa		capitata			(Popofsky) Petrushevskaya		n		Plagiacanthidae
Antarctissa		clausa			(Popofsky) Petrushevskaya		n		Plagiacanthidae
Antarctissa		cylindrica			Petrushevskaya 		y	D cylindrica	Plagiacanthidae
Antarctissa		deflandrei			(Petrushevskaya) Nigrini and Lombari 		y	A deflandrei	Plagiacanthidae
Antarctissa		denticulata			(Ehrenberg) Petrushevskaya		y	P denticulata	Plagiacanthidae
Antarctissa		longa			(Popofsky) Petrushevskaya		n		Plagiacanthidae
Antarctissa		robusta			Petrushevskaya 		n		Plagiacanthidae
Antarctissa		strelkovi			Petrushevskaya		y	D strelkovi	Plagiacanthidae
Antarctissa		whitei			Bjoerklund 		n		Plagiacanthidae
Anthocorys		akitaensis			Nakaseko		n		Theoperidae
Anthocyrtella		callopisma			Caulet 		n		Theoperidae
Anthocyrtella		mespilus			(Ehrenberg)		n		Theoperidae
Anthocyrtella		spatiosa			(Ehrenberg)		n		Theoperidae
Anthocyrtidium		adiaphorum			Sanfilippo & Riedel		n		others
Anthocyrtidium		angulare			Nigrini		n		Pterocorythidae
Anthocyrtidium		ehrenbergi			(Stoehr) Haeckel		n		Pterocorythidae
Anthocyrtidium		euryclathrum			Nigrini and Caulet 		n		Pterocorythidae
Anthocyrtidium		jenghisi			Streeter 		y	A jenghisi	Pterocorythidae
Anthocyrtidium		marieae			O'Connor 		n		Pterocorythidae
Anthocyrtidium		michelinae			Caulet 		n		Pterocorythidae
Anthocyrtidium		nosicaae			Caulet 		n		Pterocorythidae
Anthocyrtidium		ophirense			(Ehrenberg) Petrushevskaya		n		Pterocorythidae
Anthocyrtidium		pliocenica			(Seguenza) Nigrini and Caulet		y	L pliocenica	Pterocorythidae
Anthocyrtidium		prolatum			Nigrini and Caulet 		n		Pterocorythidae
Anthocyrtidium		stenum			Sanfilippo & Riedel		n		others
Anthocyrtidium		zanguebaricum			(Ehrenberg) Haeckel		n		Pterocorythidae
Anthocyrtis		furcata			Ehrenberg		n		others
Anthocyrtoma	(?)	frizzelli			Nishimura		n		Theoperidae
Aphetocyrtis		gnomabax			Sanfilippo and Caulet		n		Theoperidae
Arachnocalpis		ellipsoides			Haeckel		n		Archiphormididae
Arachnocalpis		ovatiretalis			Takahashi		n		Archiphormididae
Arachnocorallium		calvata			Petrushevskaya		n		Plagiacanthidae
Arachnocorys		circumtexta			Haeckel		n		Plagiacanthidae
Arachnocorys		umbellifera			Haeckel		n		Plagiacanthidae
Arachnosphaera		dichotoma			Joergensen		n		Actinommidae
Arachnosphaera		myriacantha			Haeckel		n		Actinommidae
Archaeodictyomitra	(?)	amabilis			Aita		n		others
Archaeodictyomitra	(?)	amabilis			Aita		n		others
Archaeodictyomitra		apiarium			Ruest		n		others
Archaeodictyomitra		brouweri		var. alpha	Tan		n		others
Archaeodictyomitra		crassispina			De Wever		n		others
Archaeodictyomitra		excellens			Tan		n		others
Archaeodictyomitra		margarita			Aliev		n		others
Archaeodictyomitra		puga			Schaaf		n		others
Archaeodictyomitra		riedeli			Taketani		n		others
Archaeodictyomitra		rigida			Pessagno		n		others
Archaeodictyomitra		simplex			Pessagno		n		others
Archaeodictyomitra		sliteri			Pessagno		n		others
Archaeodictyomitra		squinaboli			Pessagno		n		others
Archaeodictyomitra		vulgaris			Pessagno		n		others
Archaeospongoprunum		bipartitum			Pessagno		n		others
Archaeospongoprunum		carrierensis			Pessagno		n		others
Archaeospongoprunum		cortinaensis			Pessagno		n		others
Archaeospongoprunum		imlayi			Pessagno		n		others
Archaeospongoprunum		nishiyamai			Nakaseko		n		others
Archaeospongoprunum		salumi			Pessagno		n		others
Archaeospongoprunum		tehamaensis			Pessagno		n		others
Archicapsa		similis			Parona		n		others
Archipilium		macropus			(Haeckel) Petrushevskaya and Kozlova		n		Plagiacanthidae
Archipilium		quasimacropum			Wang and Yang		n		Plagiacanthidae
Archiscenium		quadrispinum			Haeckel		n		Plagiacanthidae
Artobotrys		auriculaleporis			(Clark and Campbell)		n		Carpocaniidae
Artobotrys		biaurita			(Ehrenberg)		y	A biaurita	Carpocaniidae
Artobotrys		borealis			(Cleve) Petrushevskaya		n		Carpocaniidae
Artocapsa		ultima			Tan		n		others
Artophormis		barbadensis			(Ehrenberg)		y	C barbadensis	Theoperidae
Artophormis		dominasinensis			(Ehrenberg) Riedel and Sanfilippo		n		Theoperidae
Artophormis		gracilis			Riedel		y	A gracilis	Theoperidae
Artopilium		elegans			Haeckel		n		Theoperidae
Artopilium		undulatum			Popofsky		n		Theoperidae
Artostrobium		rhinoceros			Sanfilippo 		n		Artostrobiidae
Artostrobus		annulatus			(Bailey) Haeckel		y	P annulatus	Theoperidae
Artostrobus		elegans			(Ehrenberg) Caulet		n		Theoperidae
Artostrobus		joergenseni			Petrushevskaya 		n		Theoperidae
Artostrobus		pretabulatus			Petrushevskaya		n		Theoperidae
Artostrobus		quadriporus			Bjorklund		n		Theoperidae
Aspis		murus			Nishimura		n		Artostrobiidae
Aspis		velutochlamydosaurus			Nishimura		n		Artostrobiidae
Astrophacus		inca			(Clark and Campbell)		n		Heliodiscidae
Astrophacus		linckiaformis			(Clark and Campbell) Caulet		n		Heliodiscidae
Astrosphaera		hexagonalis			Haeckel		n		Actinommidae
Axoprunum		euterpe			(Haeckel) Caulet		n		Actinommidae
Axoprunum		liostylum			(Ehrenberg) Petrushevskaya and Kozlova		n		Actinommidae
Axoprunum		losbanosensis			(Clark and Campbell)		n		Actinommidae
Axoprunum		monostylum			Caulet 		n		Actinommidae
Axoprunum		pierinae			(ClarkandCampbell)		n		Actinommidae
Axoprunum		stauraxonium			Haeckel		n		Actinommidae
Bathropyramis		aeshna			Petrushevskaya		n		Theoperidae
Bathropyramis		ramosa			Haeckel		n		Theoperidae
Bathropyramis		sanjoaquinensis			Campbell and Clark		n		others
Bathropyramis		scalaris			(Ehrenberg) Petrushevskaya and Kozlova		n		Theoperidae
Bathropyramis		spongiosa			(Haeckel) Petrushevskaya and Kozlova		n		Theoperidae
Bathropyramis		timorensis			Renz		n		others
Bathropyramis		woodringi			Campbell and Clark		y	T woodringi	Theoperidae
Bekoma		bidartensis			Riedel and Sanfilippo		n		Theoperidae
Bekoma		campechensis			Foreman		n		Theoperidae
Bekoma		demissa			Foreman		n		Theoperidae
Bekoma		divaricata			Foreman		n		Theoperidae
Bekoma		helenae			Nishimura		n		Theoperidae
Bekoma	(?)	oliva			Nishimura		n		Theoperidae
Bekomiforma		mynx			Sanfilippo and Riedel		n		Theoperidae
Botryocampe		inflata			Bailey		n		Cannobotryidae
Botryocella		appenninica			Vinassa de Regny		n		Cannobotryidae
Botryocella		multicellaris			Haeckel		n		Cannobotryidae
Botryocella		pauciperforata			OConnor		n		others
Botryocephalina		armata			Petrushevskaya		n		Cannobotryidae
Botryocyrtis		elongatum			Takahashi		n		Cannobotryidae
Botryocyrtis		quinaria			Ehrenberg		n		Cannobotryidae
Botryocyrtis		scutum			(Harting) Nigrini		n		Cannobotryidae
Botryometra		poljanskii			Petrushevskaya 		n		Cannobotryidae
Botryometra		spongiosa			Petrushevskaya		n		Cannobotryidae
Botryopera		boldyrae			(Petrushevskaya) Petrushevskaya		n		Plagiacanthidae
Botryopera		chlamida			Petrushevskaya 		n		Plagiacanthidae
Botryopera		oceanica			(Ehrenberg) Petrushevskaya		n		Plagiacanthidae
Botryopera	(?)	pseudoantarctissa			Petrushevskaya		n		Plagiacanthidae
Botryopera		triloba			(Ehrenberg) Haeckel		n		Plagiacanthidae
Botryopyle		cribrosa			(Ehrenberg) Haeckel		n		Cannobotryidae
Botryopyle		dictyocephalus			Haeckel		n		Cannobotryidae
Botryopyle		dionisi			Petrushevskaya 		n		Cannobotryidae
Botryostrobus		aquilonaris			(Bailey) Johnson		y	B aquilonaris	Artostrobiidae
Botryostrobus		auritus-australis			Ehrenberg		y	B auritus-austr	Artostrobiidae
Botryostrobus		bramlettei			Caulet 		y	S bramlettei	Artostrobiidae
Botryostrobus		hollisi			O'Connor 		n		Artostrobiidae
Botryostrobus		joides			Petrushevskaya		n		Artostrobiidae
Botryostrobus		kerguelensis			Caulet		n		Artostrobiidae
Botryostrobus		miralestensis			(Campbell and Clark) Petrushevskaya and Kozlova		y	D miralestensis	Artostrobiidae
Botryostrobus		rednosus			Caulet		n		Artostrobiidae
Buccinosphaera		invaginata			Haeckel		n		Collosphaeridae
Buryella		clinata			Foreman		n		Theoperidae
Buryella		foremanae			Petrushevskaya		n		Theoperidae
Buryella		granulata			Petrushevskaya		n		Theoperidae
Buryella		pentadica			Foreman		n		Theoperidae
Buryella		tetradica			Foreman		y	P tetradica	Theoperidae
Callimitra		atavia			Goll 		n		Plagiacanthidae
Callimitra		carolotae			Haeckel		n		Plagiacanthidae
Callimitra		elisabethae			Haeckel		n		others
Callimitra		simplex			Popofsky		n		Plagiacanthidae
Callimitra		solocicribrata			Takahashi		n		Plagiacanthidae
Calocyclas		bandyca			(Mato and Theyer)		n		Theoperidae
Calocyclas		disparidens			Chen		n		Theoperidae
Calocyclas		extensa			Clark		n		Theoperidae
Calocyclas		fragilis			(Carnevale) Petrushevskaya		n		Theoperidae
Calocyclas		hispida			(Ehrenberg)		y	S hispida	Theoperidae
Calocyclas		monumentum			Haeckel		n		Theoperidae
Calocyclas	?	nakasekoi			Takemura and Ling		n		Theoperidae
Calocyclas		talwanii			Bjorklund		n		Theoperidae
Calocyclas		trichopa			(Ehrenberg)		n		others
Calocyclas		turris			Ehrenberg		y	C turris	Theoperidae
Calocycletta		acanthocephala			(Ehrenberg) Petrushevskaya and Kozlova		n		Pterocorythidae
Calocycletta		anekathen			Sanfilippo & Nigrini in Nigrini et al.		y	A anekathen	others
Calocycletta		caepa			Moore		y	L caepa	Pterocorythidae
Calocycletta		cladara			Sanfilippo and Riedel		n		Pterocorythidae
Calocycletta		costata			(Riedel) Riedel and Sanfilippo		y	D costata	Pterocorythidae
Calocycletta		parva			Moore		n		Pterocorythidae
Calocycletta		robusta			Moore		y	C robusta	Pterocorythidae
Calocycletta		serrata			Moore		n		Pterocorythidae
Calocycletta		virginis			Haeckel		y	D virginis	Pterocorythidae
Calocycloma		ampulla			(Ehrenberg)		y	A ampulla	Theoperidae
Calocycloma		castum			(Haeckel)		n		Theoperidae
Caneta		hsui			Pessagno		n		others
Cantharospyris		platybursa			Haeckel		n		Trissocyclidae
Carpocanarium		papillosum			(Ehrenberg)		n		Carpocaniidae
Carpocanistrum		acutidentatum			Takahashi		n		Carpocaniidae
Carpocanistrum		brevispina			Vinassa de Regny		n		Carpocaniidae
Carpocanistrum		cephalum			Haeckel 		n		Carpocaniidae
Carpocanistrum		coronatum			(Ehrenberg) Takahashi		n		Carpocaniidae
Carpocanistrum		favosum			(Haeckel) Takahashi		n		Carpocaniidae
Carpocanistrum		flosculum			Haeckel		n		Carpocaniidae
Carpocanistrum		odysseus			(Haeckel) Dumitricia		n		Carpocaniidae
Carpocanistrum		pulchrum			(Carnevale) Petrushevskaya and Kozlova		n		Carpocaniidae
Carpocanium		kinugasense			Nishimura		n		Carpocaniidae
Carpocanium		rubyae			O'Connor		n		others
Carpocanobium		setosa			(Ehrenberg) Haeckel		n		Carpocaniidae
Carpocanopsis		bramlettei			Riedel 		y	H bramlettei	Carpocaniidae
Carpocanopsis		cingulata			Riedel and Sanfilippo		y	S cingulata	Carpocaniidae
Carpocanopsis		cristata			(Carnevale) Sanfilippo and Riedel		y	T cristata	Carpocaniidae
Carpocanopsis		favosa			(Haeckel) Kruglivkova		n		Carpocaniidae
Carposphaera		acanthophora			(Popofsky) Benson		n		Actinommidae
Carposphaera		capillacea			Haeckel		n		Actinommidae
Carposphaera		magnaporylosa			Clark & Campbell		n		Actinommidae
Carposphaera		modesta			(Stoehr) Haeckel		n		Actinommidae
Carposphaera		subbotinae			Borisenko		n		Actinommidae
Cassideus		mariae			Nishimura		n		Theoperidae
Cavaspongia		euganea			Squinabol		n		others
Cavaspongia		sphaerica			O'Doherty		n		others
Cavaspongia		sphaerica			O'Dogherty		n		others
Cecrops		septemporatus			Parona		n		others
Cenosphaera		aspera			St喇r		n		Actinommidae
Cenosphaera		coronata			Haeckel		n		Actinommidae
Cenosphaera		coronataformis			Shilov 		n		Actinommidae
Cenosphaera		cristata			Haeckel		n		Actinommidae
Cenosphaera		eocenica			Clark and Campbell		n		Actinommidae
Cenosphaera		euganea			Squinabol		n		others
Cenosphaera		favosa			Haeckel		n		Actinommidae
Cenosphaera		megachile			Clark and Campbell		n		Actinommidae
Cenosphaera		oceanica			Clark and Campbell		n		Actinommidae
Cenosphaera		perforata			Haeckel		n		Actinommidae
Centracontarium		hexacontarium			Popofsky		n		Actinommidae
Centrobotrys		gravida			Moore		n		Cannobotryidae
Centrobotrys		petrushevskayae			Sanfilippo and Riedel		y	C petrushevskay	Cannobotryidae
Centrobotrys		thermophila			Petrushevskaya		y	C thermophila	Cannobotryidae
Centrocubus		cladostylus			Haeckel		n		Actinommidae
Centrocubus		octostylus			Haeckel		n		Actinommidae
Centrolonche		hexalonche			Popofsky		n		Actinommidae
Cephalospyris		cancellata			Haeckel		n		Trissocyclidae
Ceratocyrtis		amplus			(Popofsky)		n		Plagiacanthidae
Ceratocyrtis		broeggeri			Goll and Bjoerklund 		n		Plagiacanthidae
Ceratocyrtis		cucullaris			(Ehrenberg) Buetschli		n		Plagiacanthidae
Ceratocyrtis		erosa			(Cleve) Petrushevskaya		n		Plagiacanthidae
Ceratocyrtis		galeus			(Cleve) Bjoerklund		n		Plagiacanthidae
Ceratocyrtis		histricosa			(Joergensen) Petrushevskaya		n		Plagiacanthidae
Ceratocyrtis		manumi			Goll and Bjoerklund 		n		Plagiacanthidae
Ceratocyrtis		mashae			Bjorklund		n		Plagiacanthidae
Ceratocyrtis		robustus			Bjorklund		n		Plagiacanthidae
Ceratocyrtis		sinuosa			Petrushevskaya		n		Plagiacanthidae
Ceratocyrtis		stigi			(Bjorklund)		n		Plagiacanthidae
Ceratocyrtis		stoermeri			Goll and Bjoerklund 		n		Plagiacanthidae
Ceratospyris		articulata			Ehrenberg		n		Trissocyclidae
Ceratospyris		borealis			Bailey		n		Trissocyclidae
Ceratospyris		clavata			Buetschli		n		Trissocyclidae
Ceratospyris		echinus			Ehrenberg		n		Trissocyclidae
Ceratospyris		hyperborea			Joergensen		n		Trissocyclidae
Cinguloturris		carpatica			Dumitrica		n		others
Circodiscus		circularis			Clark and Campbell		n		Spongodiscidae
Circodiscus		ellipticus			(Stoehr) Petrushevskaya		n		Spongodiscidae
Circodiscus		microporus			(Stoehr) Petrushevskaya and Kozlova		n		Spongodiscidae
Cittiglioella		obiculare			Ruest		n		others
Cladococcus		abietinus			Haeckel		n		Actinommidae
Cladococcus		cervicornis			Haeckel		n		Actinommidae
Cladococcus		megaceros			Boltovskoy and Riedel		n		Actinommidae
Cladococcus	(?)	nakasekoi			Nishimura		n		Actinommidae
Cladococcus		pinetum			Haeckel		n		Actinommidae
Cladococcus		scoparius			Haeckel		n		Actinommidae
Cladococcus		stalactites			Haeckel		n		Actinommidae
Cladococcus		viminalis			Haeckel		n		Actinommidae
Cladoscenium		limbatum			Joergensen		n		Plagiacanthidae
Cladoscenium		tricolpium			(Haeckel) Joergensen		n		Plagiacanthidae
Clathrocanium		coarctatum			Ehrenberg		n		Plagiacanthidae
Clathrocanium		diadema			Haeckel		n		Plagiacanthidae
Clathrocanium		sphaerocephalum			Haeckel		n		Plagiacanthidae
Clathrocorona		atreta			Sanfilippo 		n		Plagiacanthidae
Clathrocorys		giltschii			Haeckel		n		Plagiacanthidae
Clathrocorys		gracilis			Wang		n		Plagiacanthidae
Clathrocorys		murrayi			Haeckel		n		Plagiacanthidae
Clathrocorys		teuscheri			Haeckel		n		Plagiacanthidae
Clathrocyclas		alcmenae			Haeckel		n		Theoperidae
Clathrocyclas		aurelia			Clark and Campbell		n		Theoperidae
Clathrocyclas		australis			Hollis		n		Theoperidae
Clathrocyclas		cassiopeiae			Haeckel		n		Theoperidae
Clathrocyclas		semeles			Haeckel		n		Theoperidae
Clathrocyclas		universa			Clark		n		Theoperidae
Clathrocycloma		capitaneum			Foreman		n		Theoperidae
Clathrocycloma	(?)	catherinea			Nishimura		n		Theoperidae
Clathrocycloma		parcum			Foreman		n		Theoperidae
Clathromitra		pentacantha			Haeckel		n		Plagiacanthidae
Clathromitra		pterophormis			Haeckel		n		Plagiacanthidae
Clathropyrgus		bumastus			Riedel		n		others
Clathropyrgus	(?)	grandifenestra			Nishimura		n		Theoperidae
Clathropyrgus		titthium			Riedel		n		others
Clathrosphaera		arachnoides			Haeckel		n		Collosphaeridae
Clathrospyris		sandellae			Goll 		y	D sandellae	Trissocyclidae
Clathrospyris		vogti			Goll and Bjoerklund 		n		Trissocyclidae
Clinorhabdus		longithorax			(Abelmann) Sanfilippo and Caulet		n		Theoperidae
Clinorhabdus		robusta			(Abelmann) Sanfilippo and Caulet		n		Theoperidae
Coccolarcus		oviformis			Clark and Campbell		n		Spongodiscidae
Collicyrtidium		limatum			Foreman		n		others
Collosphaera		armata			Brandt		n		Collosphaeridae
Collosphaera		confossa			Takahashi		n		Collosphaeridae
Collosphaera		huxleyi			Mueller		n		Collosphaeridae
Collosphaera		macropora			Popofsky		n		Collosphaeridae
Collosphaera		orthoconus			(Haeckel) Bjoerklund and Goll		n		Collosphaeridae
Collosphaera		polygona			Haeckel		n		Collosphaeridae
Collosphaera		pyloma			Reynolds 		n		Collosphaeridae
Collosphaera		tuberosa			Haeckel		n		Collosphaeridae
Conarachnium		facetum			(Haeckel) Takahashi		n		Theoperidae
Conarachnium		parabolicum			(Popofsky) Takahashi		n		Theoperidae
Conicavus		tipiopsis			Takahashi		n		Theoperidae
Conoactinomma		undosa		undosa	(Kozlova) Gobrunov		n		Actinommidae
Conocaryomma		lentis			Lipman		n		Actinommidae
Cornutella		californica			Campbell and Clark		n		others
Cornutella		clava			Petrushevskaya		n		Theoperidae
Cornutella		profunda			Ehrenberg		y	A profunda	Theoperidae
Cornutella		stiligera			Ehrenberg		n		Theoperidae
Corythospyris		fiscella			Goll 		y	T fiscella	Trissocyclidae
Corythospyris		hispida			Goll and Bjoerklund 		n		Trissocyclidae
Corythospyris		jubata			Goll 		n		Trissocyclidae
Corythospyris		palmipodiscus			(Petrushevskaya) Hull		n		Trissocyclidae
Corythospyris		reuschi			Goll and Bjoerklund 		n		Trissocyclidae
Corythospyris		stapedius			(Haeckel) Goll		n		Trissocyclidae
Crolanium		pythiae			Schaaf		n		others
Cromyatractus		elegans			Petrushevskaya 		n		Actinommidae
Cromydruppocarpus		esterae			Campell and Clark		n		Actinommidae
Cromyechinus		icosacanthus			Haeckel		n		Actinommidae
Cromyechinus		pycnopora			Nishimura		n		Actinommidae
Cromyodruppa		concentrica			Lipman		n		others
Cromyomma		circumtextum			Haeckel		n		Actinommidae
Cromyomma		riedeli			Nishimura		n		Actinommidae
Cromyomma		villosum			Haeckel		n		Actinommidae
Crucella		cachensis			Pessagno		n		others
Crucella		espartoensis			Pessagno		n		others
Crucella		irwini			Pessagno		n		others
Crucella		messinae			Pessagno		n		others
Crucella		theokaftensis			Baumgartner		n		others
Cryptamphorella		conara			Foreman		n		others
Cryptamphorella		crepida			O'Dogherty		n		others
Cryptamphorella		dumitricai			Schaaf		n		others
Cryptamphorella		macropora			Dumitrica		n		others
Cryptamphorella		regularis			Tan		n		others
Cryptocarpium		azyx			(Sanfilippo and Riedel)		y	L azyx	Pterocorythidae
Cryptocarpium		ornatum			(Ehrenberg)		y	S ornatum	Pterocorythidae
Cubotholus		octoceras			Haeckel		n		Tholoniidae
Cycladophora		antiqua			Abelmann		n		others
Cycladophora		bicornis			(Popofsky) Lombari and Lazarus		y	E bicornis	Theoperidae
Cycladophora		cabrilloensis			(Campbell and Clark) Lombari and Lazarus		y	P cabrilloensis	Theoperidae
Cycladophora		campanula			Haeckel		n		Theoperidae
Cycladophora		conica			Lombari and Lazarus 		n		Theoperidae
Cycladophora		cosma			Lombari and Lazarus		y	S cosma	Theoperidae
Cycladophora		davisiana			Ehrenberg 		y	S davisiana	Theoperidae
Cycladophora		golli			(Chen) Lombari and Lazarus		y	B golli	Theoperidae
Cycladophora		humerus			(Petrushevskaya) Lombari and Lazarus		n		Theoperidae
Cycladophora		pliocenica			(Hays) Lombari and Lazarus		y	P pliocenica	Theoperidae
Cycladophora		robusta			Lombari and Lazarus 		n		Theoperidae
Cycladophora		sakaii			Motoyama 		n		Theoperidae
Cycladophora		spongothorax			(Chen) Lombari and Lazarus		n		Theoperidae
Cycladophora		tetracantha			(Bjorklund and Kellogg) Lazarus and Pallant		n		Theoperidae
Cyclastrum		infundibuliforme			Ruest		n		others
Cyclastrum		planum			Jud		n		others
Cymaetron		sinolampas			Caulet		n		Theoperidae
Cypassis		irregularis			Nigrini 		n		Coccodiscidae
Cyrtidosphaera		reticulata			Haeckel		n		Actinommidae
Cyrtocalpis		operosa			Tan		n		others
Cyrtocapsa		molengraaffi			Tan		n		others
Cyrtocapsella		ampullacea			Goll and Bjoerklund 		n		Theoperidae
Cyrtocapsella		cornuta			Haeckel 		y	D cornuta	Theoperidae
Cyrtocapsella		eldholmi			Bjoerklund 		n		Theoperidae
Cyrtocapsella		elongata			(Nakaseko) Sanfilippo and Riedel		n		Theoperidae
Cyrtocapsella		japonica			Tochilina 		y	B japonica	Theoperidae
Cyrtocapsella		kladaros			Goll and Bjoerklund 		n		Theoperidae
Cyrtocapsella		tetrapera			Haeckel 		y	D tetrapera	Theoperidae
Cyrtolagena		aglaolampa			Takahashi		n		Theoperidae
Cyrtolagena		laguncula			Haeckel		y	D laguncula	Theoperidae
Cystophormis		ob			Petrushevskaya		n		Carpocaniidae
Dactyliosphaera		lepta			O'Dogherty		n		others
Dactyliosphaera		maxima			Pessagno		n		others
Dactyliosphaera		silviae			Squinabol		n		others
Dendrospyris		acuta			Goll		n		Trissocyclidae
Dendrospyris		anthocyrtoides			(Buetschli) Haeckel		n		Trissocyclidae
Dendrospyris		binapertonis			Goll 		n		Trissocyclidae
Dendrospyris		bursa			Sanfilippo		y	P bursa	Trissocyclidae
Dendrospyris		damaecornis			(Haeckel) 		n		Trissocyclidae
Dendrospyris		fragoides			Sanfilippo and Riedel		n		Trissocyclidae
Dendrospyris		golli			Nishimura		n		Trissocyclidae
Dendrospyris		inferispina			Goll		n		Trissocyclidae
Dendrospyris		megalocephalis			Chen		n		Trissocyclidae
Dendrospyris		pannosa			Goll		y	D pannosa	Trissocyclidae
Dendrospyris		pododendros			(Carnevale) Goll		n		Trissocyclidae
Dendrospyris		stabilis			Goll 		y	L stabilis	Trissocyclidae
Dendrospyris		stylophora			(Ehrenberg) Haeckel		n		Trissocyclidae
Dendrospyris		turriturcica			Sanfilippo and Riedel		n		Trissocyclidae
Desmospyris		mamillata			Haeckel		n		Trissocyclidae
Desmospyris		rhodospyroides			Petrushevskaya 		y	C rhodospyroide	Trissocyclidae
Desmospyris		spongiosa			Hays 		n		Trissocyclidae
Desmospyris		stabiloides			Petrushevskaya		n		Trissocyclidae
Deviatus		hipposidericus			Foreman		n		others
Diacanthocapsa		amphora			Campbell and Clark		n		others
Diacanthocapsa		ancus			Foreman		n		others
Diacanthocapsa		antiqua			Squinabol		n		others
Diacanthocapsa		boersmae			Schaaf		n		others
Diartus		hughesi			(Campbell and Clark) Sanfilippo et al.		y	E hughesi	Coccodiscidae
Diartus		petterssoni			(Riedel and Sanfilippo) Sanfilippo et al.		y	D petterssoni	Coccodiscidae
Diartus		sp.			Lazarus 		n		Coccodiscidae
Dibolachras		apletopora			Foreman		n		others
Dibolachras		tytthopora			Foreman		n		others
Dicolocapsa		conoformis			Matsuoka		n		others
Dicroa		periosa			Foreman		n		others
Dicroa		rara			Squinabol		n		others
Dictyocephalus		middouri			Nishimura		n		Theoperidae
Dictyocodon		palladius			Haeckel		n		Theoperidae
Dictyocorne		euclidis			(Haeckel)		n		Spongodiscidae
Dictyocoryne		gibsoni			O'Connor		n		Spongodiscidae
Dictyocoryne		ontongensis			Riedel and Sanfilippo		n		Spongodiscidae
Dictyocoryne		profunda			Ehrenberg		n		Spongodiscidae
Dictyocoryne		truncatum			(Ehrenberg) Nigrini and Moore		n		Spongodiscidae
Dictyomitra		albiensis			Aliev		n		others
Dictyomitra		amygdala			Shilov		n		Theoperidae
Dictyomitra		andersoni			Foreman		n		others
Dictyomitra		ascelis			Foreman		n		others
Dictyomitra		crassispina			Squinabol		n		others
Dictyomitra		crebrisulcata			Squinabol		n		others
Dictyomitra		densicostata			Pessagno		n		others
Dictyomitra		disparlita			Aliev		n		others
Dictyomitra		duodecimcostata			Squinabol		n		others
Dictyomitra		ferosia			Aliev		n		others
Dictyomitra		formosa			Squinabol		n		others
Dictyomitra		macrocephala			Squinabol		n		others
Dictyomitra		multicostata			Zittel		n		others
Dictyomitra		napaensis			Pessagno		n		others
Dictyomitra		pseudoscalaris			Tan		n		others
Dictyomitra		striata			Lipman		n		others
Dictyomitra		tiara			Holmes		n		others
Dictyomitra		torquata		duodecimcostata	Foreman		n		others
Dictyomitra		torquata			Foreman		n		others
Dictyomitrella	(?)	columna			Ruest		n		others
Dictyomitrella	(?)	kamoensis			Mizutani and Kido		n		others
Dictyophimus		archipilium			Petrushevskaya 		n		Theoperidae
Dictyophimus		bicornis			(Ehrenberg) Petrushevskaya		n		Theoperidae
Dictyophimus		bullatus			Morley and Nigrini 		n		Theoperidae
Dictyophimus		caia			Foreman		n		Theoperidae
Dictyophimus	(?)	constrictus			Nishimura		n		Theoperidae
Dictyophimus		craticula			Ehrenberg		n		Theoperidae
Dictyophimus		crisiae			Ehrenberg		y	C crisiae	Theoperidae
Dictyophimus		hirundo			(Haeckel) Petrushevskaya		n		Theoperidae
Dictyophimus		histricosus			Joergensen		n		Theoperidae
Dictyophimus		infabricatus			Nigrini 		n		Theoperidae
Dictyophimus		killmari			(Renz)		n		Theoperidae
Dictyophimus		macropterus			(Ehrenberg) Takahashi		n		Theoperidae
Dictyophimus	(?)	okadai			Nishimura		n		Theoperidae
Dictyophimus		pocillum			Ehrenberg		n		Theoperidae
Dictyophimus		splendens			Clark		y	L splendens	Theoperidae
Dictyopodium		eurylophus			Ehrenberg		n		others
Dictyopodium		oxylophus			Ehrenberg		n		Theoperidae
Dictyoprora		amphora			Haeckel		n		Artostrobiidae
Dictyoprora		armadillo			(Ehrenberg)		y	C armadillo	Artostrobiidae
Dictyoprora		mongolfieri			(Ehrenberg)		y	P mongolfieri	Artostrobiidae
Dictyoprora		ovata			(Haeckel) Nigrini		n		Artostrobiidae
Dictyoprora		physothorax			Caulet		n		Artostrobiidae
Dictyoprora		pirum			(Ehrenberg)		y	P pirum	Artostrobiidae
Dictyoprora		salillum			Petrushevskaya		n		others
Dictyoprora		urceolus			Haeckel		n		Artostrobiidae
Dictyospyris		discus			Sanfilippo and Riedel		n		Trissocyclidae
Dictyospyris		gigas			Ehrenberg		n		Trissocyclidae
Dictyospyris		melissium			Sanfilippo and Riedel		n		Trissocyclidae
Dictyospyris		sphaera			B殳schli		n		Trissocyclidae
Didymocyrtis		antepenultima			(Riedel and Sanfilippo) Sanfilippo et al.		y	T antepenultima	Coccodiscidae
Didymocyrtis		avita			(Riedel) Sanfilippo and Riedel		y	D avita	Coccodiscidae
Didymocyrtis		bassanii			(Carnevale) Sanfilippo and Riedel		y	C bassanii	Coccodiscidae
Didymocyrtis		didymus			(Ehrenberg) Sanfilippo and Riedel		n		Coccodiscidae
Didymocyrtis		laticonus			(Riedel) Sanfilippo and Riedel		y	E laticonus	Coccodiscidae
Didymocyrtis		mammifera			(Haeckel) Sanfilippo and Riedel		y	E mammifera	Coccodiscidae
Didymocyrtis		penultima			(Riedel) Sanfilippo and Riedel		y	A penultima	Coccodiscidae
Didymocyrtis		prismatica			(Haeckel)		y	A prismatica	Coccodiscidae
Didymocyrtis		tetrathalamus			(Haeckel) Sanfilippo and Riedel		y	A tetrathalamus	Coccodiscidae
Didymocyrtis		tubaria			(Haeckel) Sanfilippo and Riedel		y	T tubaria	Coccodiscidae
Didymocyrtis		violina			(Haeckel) Sanfilippo and Riedel		y	D violina	Coccodiscidae
Diplocyclas		pseudobicorona			Nishimura		n		Theoperidae
Diploplegma		somphum			Sanfilippo and Riedel		n		Actinommidae
Dipylissa		bensoni			Dumitrica		n		Pyloniidae
Discopyle		elliptica			Haeckel		n		Litheliidae
Disolenia		quadrata			(Ehrenberg) Nigrini		n		Collosphaeridae
Dorcadospyris		alata			(Riedel) Riedel and Sanfilippo		y	D alata	Trissocyclidae
Dorcadospyris		anastasis			Sanfilippo in Nigrini et al.		n		others
Dorcadospyris		argisca			(Ehrenberg)		n		Trissocyclidae
Dorcadospyris		ateuchus			(Ehrenberg)		y	D ateuchus	Trissocyclidae
Dorcadospyris		circulus			(Haeckel) Moore		y	D circulus	Trissocyclidae
Dorcadospyris		confluens			(Ehrenberg) Goll		n		Trissocyclidae
Dorcadospyris		copelata			Sanfilippo in Nigrini et al.		y	A copelata	others
Dorcadospyris		costatescens			Goll		n		Trissocyclidae
Dorcadospyris		cyclacantha			Moore in Nigrini et al.		n		others
Dorcadospyris		dentata			Haeckel		y	E dentata	Trissocyclidae
Dorcadospyris		forcipata			(Haeckel)		y	C forcipata	Trissocyclidae
Dorcadospyris		mahurangi			O'Connor		n		Trissocyclidae
Dorcadospyris		ombros			Sanfilippo in Nigrini et al.		y	C ombros	others
Dorcadospyris		papilio			(Riedel)		n		Trissocyclidae
Dorcadospyris		platyacantha			(Ehrenberg)		n		Trissocyclidae
Dorcadospyris		praeforcipata			Moore		y	T praeforcipata	Trissocyclidae
Dorcadospyris		pseudopapilio			Moore		n		Trissocyclidae
Dorcadospyris		quadripes			Moore		y	S quadripes	Trissocyclidae
Dorcadospyris		riedeli			Moore		n		Trissocyclidae
Dorcadospyris		scambos			Moore & Nigrini in Nigrini et al		y	C scambos	others
Dorcadospyris		simplex			(Riedel) Riedel and Sanfilippo		y	D simplex	Trissocyclidae
Dorcadospyris		spinosa			Moore		n		Trissocyclidae
Dorcadospyris		triceros			Ehrenberg		y	T triceros	Trissocyclidae
Druppatractus		hastatus			Blueford		n		Actinommidae
Druppatractus		irregularis			Popofsky		n		Actinommidae
Druppatractus		pyriformis			(Bailey) McMillan and Casey		n		Actinommidae
Druppatractus		variabilis			Dumitrica 		n		Actinommidae
Drymosphaera		dendrophora			Haeckel		n		Actinommidae
Drymyomma		elegans			Joergensen		n		Actinommidae
Elatomma		penicillus			Haeckel		n		Actinommidae
Ellipsoxiphium		palliatum			Haecker		n		Actinommidae
Ellipsoxiphus	?	hastatus			Empson-Morin		n		others
Ellipsoxiphus	?	pusilla			Empson-Morin		n		others
Emiluvia		chica			Foreman		n		others
Emiluvia		hopsoni			Pessagno		n		others
Emiluvia		pessagnoi			Foreman		n		others
Enneaphormis		rotula			Haeckel 		n		Plagiacanthidae
Entapium		chaenapium			Sanfilippo and Riedel		n		Actinommidae
Entapium		regulare			Sanfilippo and Riedel		n		Actinommidae
Eucecryphalus		cervus			(Ehrenberg) Petrushevskaya		n		Theoperidae
Eucecryphalus		clinatus			Takahashi		n		Theoperidae
Eucecryphalus		craspedota			(Joergensen) Petrushevskaya and Bjoerklund		n		Theoperidae
Eucecryphalus		emmae			(Haeckel)		n		Theoperidae
Eucecryphalus		europae			(Haeckel) Takahashi		n		Theoperidae
Eucecryphalus		gegenbauri			Haeckel		n		Theoperidae
Eucecryphalus		petrushevskaae			Caulet		n		Theoperidae
Eucecryphalus		sestrodiscus			(Haeckel) Takahashi		n		Theoperidae
Eucecryphalus		tricostatus			(Haeckel) Takahashi		n		Theoperidae
Euchitonia		elegans/furcata	group				n		Spongodiscidae
Eucoronis		fridtjofnanseni			Goll and Bjoerklund 		n		Trissocyclidae
Eucoronis		hertwigii			(Buetschli) Petrushevskaya and Kovlova		n		Trissocyclidae
Eucyrtidiellum		nodosum			Wakita		n		others
Eucyrtidiellum		unumaense			Yao		n		others
Eucyrtidium		acuminatum			(Ehrenberg) Ehrenberg		y	D acuminatum	Theoperidae
Eucyrtidium		aderces			Nigrini and Caulet 		n		Theoperidae
Eucyrtidium		anniae			Caulet 		n		Theoperidae
Eucyrtidium		annulatum			(Popofsky)		n		Theoperidae
Eucyrtidium		anomalum			(Haeckel) Haeckel		n		Theoperidae
Eucyrtidium		antiquum			Caulet		n		Theoperidae
Eucyrtidium		asanoi			Sakai 		n		Theoperidae
Eucyrtidium		biconicum			(Vinassa de Regny) Caulet		n		Theoperidae
Eucyrtidium		boodes			Renz		n		others
Eucyrtidium		calvertense			Martin		y	D calvertense	Theoperidae
Eucyrtidium		cheni			Takemura		n		Theoperidae
Eucyrtidium		cienkowskii			Haeckel		y	D cienkowskii	Theoperidae
Eucyrtidium		diaphanes			Sanfilippo 		y	C diaphanes	Theoperidae
Eucyrtidium		dictyopodium			(Haeckel) Takahashi		n		Theoperidae
Eucyrtidium		dufresni			Caulet 		n		Theoperidae
Eucyrtidium		erythromystax			Nigrini and Caulet 		n		Theoperidae
Eucyrtidium		heptacolum			(Haeckel) Petrushevskaya		n		Theoperidae
Eucyrtidium		hexacolum			(Haeckel) Petrushevskaya		n		Theoperidae
Eucyrtidium		hexagonatum			Haeckel		n		Theoperidae
Eucyrtidium		hexastichum			Haeckel		n		Theoperidae
Eucyrtidium	?	hilaby			Ehrenberg		n		others
Eucyrtidium		indiensis			Caulet 		n		Theoperidae
Eucyrtidium		inflatum			Kling		n		Theoperidae
Eucyrtidium		infundibulum			(Haeckel) Benson		n		Theoperidae
Eucyrtidium		mariae			Caulet		n		Theoperidae
Eucyrtidium		matuyamai			Hays		n		Theoperidae
Eucyrtidium		mitodes			Nigrini in Nigrini et al.		y	P mitodes	others
Eucyrtidium		montiparum			Ehrenberg		n		Theoperidae
Eucyrtidium		octocolum			(Haeckel) Petrushevskaya		n		Theoperidae
Eucyrtidium		plesiodiaphanes			Sanfilippo in Sanfilippo and Nigrini		y	T plesiodiaphan	others
Eucyrtidium		pseudoinflatum			Weaver 		n		Theoperidae
Eucyrtidium		ptyctum			Riedel and Sanfilippo		n		others
Eucyrtidium		punctatum			(Ehrenberg) Ehrenberg		n		Theoperidae
Eucyrtidium		saccoi			(Vinassa de Regny) Goll and Bjoerklund		n		Theoperidae
Eucyrtidium		spinosum			Haeckel		n		Theoperidae
Eucyrtidium		teuscheri			Haeckel		y	C teuscheri	Theoperidae
Eucyrtidium		yatsuoense			Nakaseko 		n		Theoperidae
Eucyrtis		bulbosus			Renz		n		others
Eucyrtis		kruizingai			Tan		n		others
Eurystomoskevos		petrushevskaae			Caulet		n		Theoperidae
Euscenarium		joergenseni			Sugiyama		n		Plagiacanthidae
Euscenium		corynephorum			Joergensen		n		Plagiacanthidae
Eusyringium		fistuligerum			(Ehrenberg)		y	P fistuligerum	Theoperidae
Eusyringium		lagena			(Ehrenberg)		n		Theoperidae
Eusyringium		tubulus			(Ehrenberg) Petrushevskaya and Kozlova		n		Theoperidae
Eusyringium		typicum			Ruest		n		others
Excentrococcus		annulatus			Dumitrica		n		others
Excentropylomma		cenomana			Dumitrica		n		others
Excentrosphaerella		sphaeroconcha			Dumitrica		n		others
Giraffospyris		annulispina			Goll		y	D annulispina	Trissocyclidae
Giraffospyris		cyrillium			Sanfilippo and Riedel		n		Trissocyclidae
Giraffospyris		didiceros			(Ehrenberg) Goll		n		Trissocyclidae
Giraffospyris		haeckelii			(Buetschli) Goll		n		Trissocyclidae
Giraffospyris		lata			Goll		n		Trissocyclidae
Giraffospyris		laterispina			Goll 		n		Trissocyclidae
Gondwanaria		campanulaeformis			(Campbell and Clark)		n		Theoperidae
Gondwanaria		deflandrei			Petrushevskaya		n		Theoperidae
Gondwanaria		dogieli			Petrushevskaya 		n		Theoperidae
Gondwanaria		hister			Petrushevskaya 		n		Theoperidae
Gondwanaria		japonica			(Nakaseko)		n		Theoperidae
Gondwanaria		reshetnjakae			(Petrushevskaya) Petrushevskaya and Kozlova		n		Theoperidae
Gongylothorax		baumgartneri			Schaaf		n		others
Gongylothorax		sakawaensis			Matsuoka		n		others
Gonosphaera		primordialis			Joergensen		n		Actinommidae
Gorgospyris		hemisphaerica			Clark		n		Trissocyclidae
Gorgospyris		perizostra			Sanfilippo 		n		Trissocyclidae
Gorgospyris		schizopodia			Haeckel		n		Trissocyclidae
Guexella		nudata			Kocher as Lithocampe		n		others
Guttacapsa		biacuta			Squinabol		n		others
Guttacapsa		gutta			Squinabol		n		others
Haeckeliella		inconstans			Dumitrica 		n		Actinommidae
Haeckeliella		macrodoras			(Haeckel) Hollande and Enjumet		n		Actinommidae
Halesium		diacanthum			Squinabol		n		others
Haliodictya(?)		hojnosi			Riedel and Sanfilippo		n		others
Haliomma		castanea			Haeckel		n		Actinommidae
Haliomma		erinaceum			Haeckel		n		Actinommidae
Haliomma		glisifra			Renz 		n		Actinommidae
Haliomma		minor			Campbell and Clark		n		others
Haliommetta		miocenica			(Campbell and Clark) Petrushevskaya and Kozlova		n		Actinommidae
Heliaster		hexagonium			Hollande and Enjumet		n		Actinommidae
Heliodiscus		asteriscus			Haeckel		n		Heliodiscidae
Heliodiscus		echiniscus			Haeckel		n		Heliodiscidae
Heliodiscus		hexasteriscus			Clark and Campbell		n		Heliodiscidae
Heliodiscus		tunicatus			O'Connor		n		Heliodiscidae
Heliosestilla		spicata			(Haeckel) Petrushevskaya and Kozlova		n		Actinommidae
Heliosphaera		radiata			Popofsky		n		Actinommidae
Helotholus		haysi			Lazarus		n		Plagiacanthidae
Helotholus		praevema			Weaver 		n		Plagiacanthidae
Hemicryptocapsa		capita			Tan		n		others
Hemicryptocapsa		polyhedra			Dumitrica		n		others
Hemicryptocapsa		pseudopilula			Tan		n		others
Hemicryptocapsa		tuberosa			Dumitrica		n		others
Heterosestrum		sexispinatum		rotundum	Clark and Campbell		n		Actinommidae
Hexacontium		arachnoidale			Hollande 		n		Actinommidae
Hexacontium		aristarchi			(Haeckel) Boltovskoy and Riedel		n		Actinommidae
Hexacontium		armatum/hostile	group				n		Actinommidae
Hexacontium		axotrias			Haeckel		n		Actinommidae
Hexacontium		enthacanthum			Joergensen		n		Actinommidae
Hexacontium		gigantheum			Cortese and Bjorklund		n		Actinommidae
Hexacontium		heracliti			(Haeckel) Nishimura and Yamauchi		n		Actinommidae
Hexacontium		hexactis			(Stoehr) Dumitrica		n		Actinommidae
Hexacontium		hootsi			Campbell and Clark		n		Actinommidae
Hexacontium		hystricina			(Haeckel) Takahashi		n		Actinommidae
Hexacontium		laevigatum			Haeckel		n		Actinommidae
Hexacontium		melpomene			(Haeckel) Van de Paverd		n		Actinommidae
Hexacontium		pachydermum			Joergensen		n		Actinommidae
Hexacontium		palaeocenicum			Sanfilippo and Riedel		n		Actinommidae
Hexacromyum		elegans			Haeckel		n		Actinommidae
Hexacromyum		rara			(Carnevale) Petrushevskaya		n		Actinommidae
Hexalonche		amphisiphon			Haeckel		n		Actinommidae
Hexalonche		esmarki			Goll and Bjoerklund 		n		Actinommidae
Hexalonche		heteracantha			Popofsky		n		Actinommidae
Hexalonche		nakasekoi	?		Petrushevskaya and Kozlova 		y	D nakasekoi	Actinommidae
Hexalonche		philosophica			Haeckel		n		Actinommidae
Hexapyle		dodecantha			Haeckel		n		Pyloniidae
Hexastylus		dimensivus			Haeckel		n		Actinommidae
Hexastylus		triaxonius			Haeckel		n		Actinommidae
Hiscocapsa		asseni			Tan		n		others
Hiscocapsa		grutterinki			Tan		n		others
Hiscocapsa		rutteri			Tan		n		others
Hiscocapsa		verbeeki			Tan		n		others
Histiastrum		cruciferum			Lipman		n		others
Histiastrum		quaternarium			Ehrenberg		n		Pyloniidae
Holocryptocanium		barbui			Dumitrica		n		others
Holocryptocapsa		hindei			Tan		n		others
Joergensenium		rotatile			Bjorklund		n		Actinommidae
Kilinora		spiralis			Matsuoka		n		others
Lamprocyclas		aegles			Ehrenberg 		n		Pterocorythidae
Lamprocyclas		hadros			Nigrini and Caulet 		n		Pterocorythidae
Lamprocyclas		hannai			(Campbell and Clark) Sanfilippo et al.		y	A hannai	Pterocorythidae
Lamprocyclas		inexpectata			Caulet		n		Pterocorythidae
Lamprocyclas		junonis			(Haeckel) Petrushevskaya and Kozlova		n		Pterocorythidae
Lamprocyclas		margatensis			(Campbell and Clark) Caulet		n		Pterocorythidae
Lamprocyclas		maritalis			Haeckel		y	C maritalis	Pterocorythidae
Lamprocyclas		matakohe			O'Connor		n		Pterocorythidae
Lamprocyclas		prionotocodon			Caulet 		n		Pterocorythidae
Lamprocyclas		rhinoceros			(Haeckel) Petrushevskaya and Kozlova		n		Pterocorythidae
Lamprocylcas		particollis			OConnor		n		others
Lamprocyrtis		daniellae			Caulet 		n		Pterocorythidae
Lamprocyrtis		heteroporos			(Hays) Kling		y	D heteroporos	Pterocorythidae
Lamprocyrtis		neoheteroporos			Kling		y	S neoheteroporo	Pterocorythidae
Lamprocyrtis		nigriniae			(Caulet) Kling		y	P nigriniae	Pterocorythidae
Lampromitra		coronata			Haeckel		n		Theoperidae
Lampromitra		cracenta			Takahashi		n		Theoperidae
Lampromitra		danaes			(Haeckel)		n		Theoperidae
Lampromitra		parabolica			Popofsky		n		Theoperidae
Lampromitra		pentalactis			(Haeckel) 		n		Theoperidae
Lampromitra		quadricuspis			Haeckel		n		Theoperidae
Lampromitra		schultzei			(Haeckel) Takahashi		n		Theoperidae
Lampromitra		spinosiretis			Takahashi		n		Theoperidae
Lampromitra		tiara			Dumitrica 		n		Theoperidae
Lamprospyris		hookeri			Haeckel		n		Trissocyclidae
Lamprotripus		mawsoni			(Riedel) Petrushevskaya and Kozlova		n		Plagiacanthidae
Lamptonium		colymbus			Foreman		n		Theoperidae
Lamptonium		fabaeforme			Riedel		n		Theoperidae
Lamptonium		incohatum			Foreman		n		Theoperidae
Lamptonium		obelix			Sanfilippo		n		Theoperidae
Lamptonium		pennatum			Foreman		n		Theoperidae
Lamptonium		sanfilippoae			Foreman		n		Theoperidae
Larcopyle		augusti			Lazarus et al.		n		Litheliidae
Larcopyle		buetschlii			Dreyer 		n		Litheliidae
Larcopyle		eccentricum			Lazarus et al.		n		Litheliidae
Larcopyle		frakesi			(Chen) Lazarus et al.		n		Litheliidae
Larcopyle		hayesi			(Chen) Lazarus et al.		n		Litheliidae
Larcopyle		labryinthusa			Lazarus et al.		n		Litheliidae
Larcopyle		nebulum			Lazarus et al.		n		Litheliidae
Larcopyle		peregrinator			Lazarus et al.		n		Litheliidae
Larcopyle		polyacantha			(Campbell and Clark) Lazarus et al.		y	L polyacantha	Litheliidae
Larcopyle		pylomaticus			(Riedel) Lazarus et al.		n		Litheliidae
Larcopyle		titan			(Campbell and Clark) Lazarus et al.		n		Litheliidae
Larcopyle		weddellium			Lazarus et al.		n		Litheliidae
Larcospira		bulbosa			Goll and Bjoerklund		n		Pyloniidae
Larcospira		moschkovskii			Kruglikova 		n		Pyloniidae
Larcospira		quadrangula			Haeckel		n		Pyloniidae
Leptosphaera		minuta			Popofsky		n		Actinommidae
Liosphaera		antarctica			Nakaseko 		n		Actinommidae
Lipmanella		acanthica			(Joergensen) Petrushevskaya and Kozlova		n		Theoperidae
Lipmanella		bombus			Haeckel 		n		Theoperidae
Lipmanella		dictyoceras			(Haeckel) Kling		n		Theoperidae
Lipmanella		insectum			Haeckel 		n		Theoperidae
Lipmanella		irregularis			(Cleve) Loeblich and Tappan		n		Theoperidae
Lipmanella		lithomelissa		amazon	Petrushevskaya and Kozlova		n		others
Lipmanella		tribranchiata			Dumitrica 		n		Theoperidae
Lipmanella		xiphephorum			Joergensen 		n		Theoperidae
Liriospyris		clathrata			(Ehrenberg) Haeckel		n		Trissocyclidae
Liriospyris		cricus			Westberg-Smith and Riedel 		n		Trissocyclidae
Liriospyris		elevata			Goll 		n		Trissocyclidae
Liriospyris		geniculosa			Goll		n		Trissocyclidae
Liriospyris		globosa			Goll 		n		Trissocyclidae
Liriospyris		hexapoda			Haeckel		n		Trissocyclidae
Liriospyris		insulae			Nishimura		n		others
Liriospyris		longicornuta			Goll		n		Trissocyclidae
Liriospyris		mutuaria			Goll		y	A mutuaria	Trissocyclidae
Liriospyris		ovalis			Goll 		n		Trissocyclidae
Liriospyris		parkerae			Riedel and Sanfilippo		n		Trissocyclidae
Liriospyris		reticulata			(Ehrenberg) Goll		n		Trissocyclidae
Liriospyris		spinulosa			(Ehrenberg) Goll		n		Trissocyclidae
Liriospyris		stauropora			(Haeckel) Goll		n		Trissocyclidae
Lithamphora		sacculifera			Petrushevskaya		n		others
Lithapium		anoectum			Riedel		n		Theoperidae
Lithapium		mitra			(Ehrenberg) Riedel and Sanfilippo		y	C mitra	Theoperidae
Lithapium		plegmacantha			Riedel		n		Theoperidae
Litharachnium		eupilium			Takahashi		n		Theoperidae
Litharachnium		tentorium			Haeckel		n		Theoperidae
Lithatractus		timmsi			Campbell and Clark		n		Actinommidae
Lithelius		foremanae			Sanfilippo		n		Litheliidae
Lithelius		minor			Joergensen		y	L minor	Litheliidae
Lithelius		nautiloides			Popofsky		y	L nautiloides	Litheliidae
Lithelius		spiralis			Haeckel		n		Litheliidae
Lithobotrys		galea			Ehrenberg		n		Cannobotryidae
Lithocampana		lithoconella			Clark and Campbell		n		Theoperidae
Lithocampe		marinae			Kozlova		n		others
Lithocarpium		fragilis			(Stoehr) Petrushevskaya		n		Litheliidae
Lithochytris		archaea			Riedel and Sanfilippo		n		Theoperidae
Lithochytris		triconiscus			(Haeckel) Petrushevskaya		n		Theoperidae
Lithochytris		ventricosa			(Ehrenberg) Petrushevskaya and Kozlova		n		Theoperidae
Lithochytris		vespertilio			Ehrenberg		y	L vespertilio	Theoperidae
Lithocircus		rhombus			Pantanelli		n		Trissocyclidae
Lithocircus		toxaria			(Haeckel) Goll		n		Trissocyclidae
Lithocyclia		angusta			(Riedel)		y	C angusta	Coccodiscidae
Lithocyclia		aristotelis			(Ehrenberg)		y	L aristotelis	Coccodiscidae
Lithocyclia		crux			Moore		y	S crux	Coccodiscidae
Lithocyclia		ocellus			Ehrenberg		y	D ocellus	Coccodiscidae
Lithomelissa		aitai			Hollis		n		others
Lithomelissa		challengerae			Chen		n		Plagiacanthidae
Lithomelissa		cheni			Caulet		n		Plagiacanthidae
Lithomelissa		dupliphysa			Caulet		n		Plagiacanthidae
Lithomelissa		ehrenbergii			Buetschli		n		Plagiacanthidae
Lithomelissa		gelasinus			O'Connor 		n		Plagiacanthidae
Lithomelissa		haeckeli			Buetschli		n		Plagiacanthidae
Lithomelissa		heros			Campbell and Clark		n		others
Lithomelissa		hystrix			Joergensen		n		Plagiacanthidae
Lithomelissa		laticeps			Joergensen		n		Plagiacanthidae
Lithomelissa		maureenae			O'Connor		n		Plagiacanthidae
Lithomelissa		mitra			Butschli		n		Plagiacanthidae
Lithomelissa		pentacantha			(Popofsky) Petrushevskaya		n		Plagiacanthidae
Lithomelissa		robusta			Campbell and Clark		n		Plagiacanthidae
Lithomelissa		setosa			Joergensen 		n		Plagiacanthidae
Lithomelissa		sphaerocephalis			Chen		n		Plagiacanthidae
Lithomelissa		thoracites			Haeckel		n		Plagiacanthidae
Lithomelissa		tricornis			Chen		n		Plagiacanthidae
Lithomelissa		ultima			Caulet 		n		Plagiacanthidae
Lithomelissa?		aitai			Hollis		n		Plagiacanthidae
Lithomespilus		mendosa			(Krasheninnikov)		n		Actinommidae
Lithomitra		micropore			Shilov		n		Artostrobiidae
Lithomitrissa		conica			Vituchin		n		Theoperidae
Lithopera		bacca			Ehrenberg		y	E bacca	Theoperidae
Lithopera		baueri			Sanfilippo 		n		Theoperidae
Lithopera		neotera			Sanfilippo 		y	D neotera	Theoperidae
Lithopera		renzae			Sanfilippo 		y	C renzae	Theoperidae
Lithopera		thornburgi			Sanfilippo 		n		Theoperidae
Lithopilium		reticulatum			Popofsky		n		Plagiacanthidae
Lithopilium		sphaerocephalum			Popofsky		n		Plagiacanthidae
Lithostrobus		cuspidatus			Haeckel		n		Theoperidae
Lithostrobus		erectus			Tan		n		others
Lithostrobus		hexagonalis			Haeckel		n		Theoperidae
Lithostrobus		microporus			(Ehrenberg) Buetschli		n		Theoperidae
Lithostrobus		undulatus			(Popofsky) De Wever et al.		n		Theoperidae
Lithotympanum		tuberosum			Haeckel		n		Trissocyclidae
Lonchosphaera		spicata			Popofsky		n		Actinommidae
Loopus		blabla			Schaaf		n		others
Lophoconus		titanothericeraos			Clark and Campbell		n		Theoperidae
Lophocorys		norvegiensis			(Bjorklund and Kellog) Bjorklund		n		Carpocaniidae
Lophocorys		polyacantha			Popofsky		n		Theoperidae
Lophocyrtis		andriashevi			(Petrushevskaya) Hull		n		Theoperidae
Lophocyrtis		aspera			(Ehrenberg) Sanfilippo and Caulet		n		Theoperidae
Lophocyrtis		brachythorax			(Sanfilippo and Riedel) Sanfilippo		n		Theoperidae
Lophocyrtis		dumitricai			Sanfilippo		n		Theoperidae
Lophocyrtis		exitelus			Sanfilippo		n		others
Lophocyrtis		galenum			Sanfilippo 		n		Theoperidae
Lophocyrtis		hadra			(Riedel and Sanfilippo)		n		Theoperidae
Lophocyrtis		inaequalis			O'Connor		n		Theoperidae
Lophocyrtis		jacchia			(Ehrenberg)		y	L jacchia	Theoperidae
Lophocyrtis		klydus			Sanfilippo and Caulet		n		others
Lophocyrtis		leptetrum			(Sanfilippo and Riedel) Sanfilippo		n		Theoperidae
Lophocyrtis		longiventer			(Chen)		n		Theoperidae
Lophocyrtis		milowi			(Riedel and Sanfilippo)		y	A milowi	Theoperidae
Lophocyrtis		neatum			(Sanfilippo and Riedel) Sanfilippo		n		Theoperidae
Lophocyrtis		nomas			Sanfilippo & Caulet		n		others
Lophocyrtis		oberhaensliae			Sanfilippo & Caulet		y	S oberhaensliae	others
Lophocyrtis		pegetrum			(Sanfilippo and Riedel) Sanfilippo		y	L pegetrum	Theoperidae
Lophocyrtis	(?)	pseudojacchia			Nishimura		n		Theoperidae
Lophocyrtis		semipolita			(Campbell and Clark) Sanfilippo and Caulet		n		Theoperidae
Lophocyrtis		tanythorax			(Sanfilippo and Riedel) Sanfilippo		n		Theoperidae
Lophophaena		apiculata			Ehrenberg		n		others
Lophophaena		buetschlii			(Haeckel) Petrushevskaya		n		Plagiacanthidae
Lophophaena		capito			Ehrenberg		n		Plagiacanthidae
Lophophaena		circumtexta			Haeckel		n		Plagiacanthidae
Lophophaena		clevei			Petrushevskaya 		n		Plagiacanthidae
Lophophaena		cylindrica			(Cleve) Petrushevskaya		n		Plagiacanthidae
Lophophaena		decacantha			Takahashi		n		Plagiacanthidae
Lophophaena		hispida			(Ehrenberg) Petrushevskaya		n		Plagiacanthidae
Lophophaena		macrencephala			Clark and Campbell		n		Plagiacanthidae
Lophophaena		nadezdae			Petrushevskaya 		n		Plagiacanthidae
Lophophaena		polycyrtis			Foreman		n		others
Lophophaena		rioplatensis			Boltovskoy		n		Plagiacanthidae
Lophophaena		tekopua			O'Connor		n		Plagiacanthidae
Lophophaena		thaumasia			Caulet 		n		Plagiacanthidae
Lophophaena		variabilis			(Popofsky) Petrushevskaya		n		Plagiacanthidae
Lophophaena		witjazii			(Petrushevskaya) Van de Paverd		n		Plagiacanthidae
Lophophaenoma		radians			(Ehrenberg)		n		Plagiacanthidae
Lophospyris		cheni			Goll 		n		Trissocyclidae
Lophospyris		pentagona			(Ehrenberg) Petrushevskaya		n		Trissocyclidae
Lychnocanium		carinatum			Ehrenberg		n		Theoperidae
Lychnocanium		conicum			Clark		n		Theoperidae
Lychnocanium		continuum			Ehrenberg		n		others
Lychnocanium		hirundo			Ehrenberg		n		Theoperidae
Lychnocanium		neptunei			O'Connor		n		Theoperidae
Lychnocanium		tridentatum			Ehrenberg		n		others
Lychnocanoma		amphitrite			Foreman		y	G amphitrite	Theoperidae
Lychnocanoma		anacolum			Foreman		n		Theoperidae
Lychnocanoma		apodora			Sanfilippo in Sanfilippo and Nigrini		n		others
Lychnocanoma		auxilla			Foreman		n		Theoperidae
Lychnocanoma		bajunensis			Renz		n		Theoperidae
Lychnocanoma		bellum			(Clark and Campbell)		n		Theoperidae
Lychnocanoma	(?)	costata			Nishimura		n		Theoperidae
Lychnocanoma		elongata			(Vinassa de Regny)		y	D elongata	Theoperidae
Lychnocanoma		grande			Campbell and Clark		y	L grande	Theoperidae
Lychnocanoma		klausi			Kamikuri et al.		n		others
Lychnocanoma		nipponica			Sakai 		n		Theoperidae
Lychnocanoma		parallelipes			Motoyama		n		Theoperidae
Lychnocanoma	(?)	pileus			Nishimura		n		Theoperidae
Lychnocanoma		trifolium			(Riedel and Sanfilippo		n		Theoperidae
Lychnocanoma		tripodium			Ehrenberg		n		others
Lychnocanoma		turgidum			(Ehrenberg)		y	H turgidum	Theoperidae
Lychnosphaera		regina			Haeckel		n		Actinommidae
Mesosaturnalis		dendroacanthos			Squinabol		n		others
Mesosaturnalis		eidalimus			Kozur and Mostler		n		others
Mesosaturnalis		horridus			Squinabol		n		others
Mesosaturnalis		hueyi			Pessagno		n		others
Mesosaturnalis		ichikawai			Kozur and Mostler		n		others
Mesosaturnalis		moorei			Kozur and Mostler		n		others
Mesosaturnalis		preclarus			Kozur and Mostler		n		others
Mesosaturnalis		yaoi			Kozur and Mostler		n		others
Mesovallupus		guadalupensis			Pessagno and MacLeod in Pessagno et al.		n		others
Mictyoditra		columbarium			Dumitrica et al.		n		others
Mictyoditra		thiensis			Tan		n		others
Middourium		regularis			(Borisenko 1958) Kozlova		n		others
Mirifusus		chenodes			Baumgartner		n		others
Mirifusus		fragilis			Baumgartner		n		others
Mirifusus		guadalupensis			Pessagno		n		others
Mirifusus		mediodilatatus			Ruest		n		others
Mita		gracilis			Squinabol		n		others
Mita		regina			Taketani		n		others
Mitrocalpis		araneafera			Popofsky		n		Plagiacanthidae
Myelastrum		quadrifolium			Takahashi		n		Myelastridae
Myelastrum		trinibrachium			Takahashi		n		Myelastridae
Myllocercion		acineton			Foreman		n		others
Myllocercion		minima			Petrushevskaya and Kozlova		n		others
Napora		durhami			De Wever		n		others
Napora		praespinifera			Pessagno		n		others
Napora		pyramidalis			Baumgartner		n		others
Neobotrys		quadrituberosa			Popofsky		n		Cannobotryidae
Neosciadiocapsa		diabloensis			Pessagno		n		others
Neosciadiocapsa		jenkinsi			Pessagno		n		others
Neosemantis		bjoerklundi			Goll		n		Plagiacanthidae
Neosemantis		cladophora			Goll		n		Plagiacanthidae
Neosemantis		distephanus			Goll		n		Plagiacanthidae
Neosemantis		hofferti			Goll 		n		Plagiacanthidae
Nephrospyris		knutheieri			Goll and Bjorklund		n		Trissocyclidae
Nephrospyris		pervia			(Haeckel) Goll and Bjorklund		n		Trissocyclidae
Nephrospyris		renilla			Haeckel		n		Trissocyclidae
Novixitus		mclaughlini			Pessagno		n		others
Novodiacanthocapsa		legumen			Sanfilippo and Riedel		n		others
Novodiacanthocapsa		ovoidea			Empson-Morin		n		others
Obeliscoites		perspicuus			Squinabol		n		others
Obesacapsula		cetia			Foreman		n		others
Obesacapsula		rotunda			Pessagno		n		others
Obesacapsula		somphedia			Foreman		n		others
Obesacapsula		verbana			Parona		n		others
Octodendron		cubocentron			Haeckel		n		Actinommidae
Octopyle		stenozona			Haeckel		n		Pyloniidae
Ommatodiscus		murrayi			Dreyer		n		Spongodiscidae
Ommatogramma		dumitricai			Petrushevskaya 		n		Spongodiscidae
Orbiculiforma		australis			Pessagno		n		others
Orbiculiforma		campbellensis			Pessagno		n		others
Orbiculiforma		chartonae			Schaaf		n		others
Orbiculiforma		multa			Kozlova		n		others
Orbiculiforma		railensis			Pessagno		n		others
Orbiculiforma		renillaeformis			Pessagno		n		others
Orbiculiforma	?	tecta			Tumanda		n		others
Orbula		comitata			Foreman		n		Theoperidae
Orbula		discipulus			Foreman		n		Theoperidae
Orbula		ducalis			Foreman		n		Theoperidae
Orodapis		spongiosa			Friend and Riedel		n		others
Oroscena		carolae			Friend		n		Orosphaeridae
Otosphaera		annikae			Petrushevskaya 		n		Collosphaeridae
Otosphaera		auriculata			Haeckel		n		Collosphaeridae
Otosphaera		tenuissima			Takahashi		n		Collosphaeridae
Pantanellium		riedeli			Pessagno		n		others
Pantanellium		squinaboli		cantuchapai	Pessagno and MacLeod in Pessagno et al.		n		others
Paradictyum		paradoxum			Haeckel		n		Trissocyclidae
Paronaella		diamphidia			Foreman		n		others
Paronaella	(?)	diamphidia			Foreman		n		others
Paronaella	(?)	hipposidericus			Foreman		n		others
Paronaella		mulleri			Pessagno		n		others
Parvicingula		boesii			Parona		n		others
Parvicingula		columna			Ruest		n		others
Parvicingula		cosmoconica			Foreman		n		others
Parvicingula		cribrata			Ishida		n		others
Parvicingula		dhimenaensis			Baumgartner		n		others
Patellula		heroica			O'Dogherty		n		others
Patellula		planoconvexa			Petrushevskaya and Kozlova		n		others
Patulibracchium		petroleumensis			Pessagno		n		others
Patulibracchium		teslaensis			Pessagno		n		others
Patulibracchium		ungulae			Pessagno		n		others
Pentactinosphaera		hokurikuensis			(Nakaseko) Nakaseko		n		Actinommidae
Perichlamydium		limbatum			(Ehrenberg) Ehrenberg		n		Spongodiscidae
Perichlamydium		praetextum			(Ehrenberg) Ehrenberg 		n		Spongodiscidae
Peridium		longispinum			Joergensen		n		Plagiacanthidae
Peridium		spinipes			Haeckel		n		Plagiacanthidae
Periphaena		decora			Ehrenberg		y	L decora	Coccodiscidae
Periphaena		delta			Sanfilippo and Riedel		n		Coccodiscidae
Periphaena		dupla			(Kozlova) Petrushevskaya and Kozlova		n		Coccodiscidae
Periphaena		heliasteriscus			(Clark and Campbell)		n		Coccodiscidae
Periphaena		triactis			(Ehrenberg) Sanfilippo and Riedel		n		Coccodiscidae
Periphaena		tripyramis			(Haeckel)		n		Coccodiscidae
Peripyramis		circumtexta			Haeckel		y	L circumtexta	Theoperidae
Peripyramis		magnifica			(Clark and Campbell)		n		Theoperidae
Perispyridium		ordinarium			Pessagno		n		others
Perispyridium		ordinarium			Pessagno		n		others
Peritiviator	(?)	dumitricai			Nishimura		n		Actinommidae
Peritiviator		labyrinthi			Pessagno		n		others
Peromelissa		phalacra			Haeckel		n		Plagiacanthidae
Petalospyris		bulbosa			Mahapatra and Sharma		n		others
Petalospyris		diaboliscus			Ehrenberg		n		Trissocyclidae
Petalospyris		foveolata			Ehrenberg		n		Trissocyclidae
Petalospyris		pentas			Ehrenberg		n		Trissocyclidae
Phacodiscus		testatus			Kozlova		n		Coccodiscidae
Phacostaurus	(?)	quadratus			Nishimura		n		Coccodiscidae
Phaseliforma		laxa			Pessagno		n		others
Phaseliforma		subcarinata			Pessagno		n		others
Phormacantha		hystrix			(Joergensen) Joergensen		n		Plagiacanthidae
Phormocyrtis		alexandrae			O'Connor		y	S alexandrae	Theoperidae
Phormocyrtis		cubensis			(Riedel and Sanfilippo)		n		Theoperidae
Phormocyrtis		embolum			Ehrenberg		n		Theoperidae
Phormocyrtis		ligulata			Clark & Campbell		n		others
Phormocyrtis		proxima			Clark and Campbell		n		Theoperidae
Phormocyrtis		striata			Wetzel		y	S striata	Theoperidae
Phormocyrtis		turgida			(Krasheninnikov)		n		Theoperidae
Phormospyris		thespios			Goll and Bjoerklund 		n		Trissocyclidae
Phormospyris		tricornis			Haeckel		n		others
Phormospyris		tricostata			Haeckel		n		Trissocyclidae
Phormostichoartus		caryoforma			(Caulet) Nigrini and Caulet		n		Artostrobiidae
Phormostichoartus		corbula			(Harting) Nigrini		y	S corbula	Artostrobiidae
Phormostichoartus		crustula			(Caulet) Nigrini and Caulet		n		Artostrobiidae
Phormostichoartus		doliolum			Riedel and Sanfilippo		y	L doliolum	Artostrobiidae
Phormostichoartus		fistula			Nigrini		y	L fistula	Artostrobiidae
Phormostichoartus		furcaspiculata			(Popofsky) Caulet		n		Artostrobiidae
Phormostichoartus		marylandicus			(Martin)		y	L marylandicus	Artostrobiidae
Phormostichoartus		multiseriatus			(Ehrenberg) Caulet		n		Artostrobiidae
Phormostichoartus		pitomorphus			Caulet 		n		Artostrobiidae
Phormostichoartus		platycephala			(Ehrenberg) Caulet		n		Artostrobiidae
Phormostichoartus		schneideri			Nigrini and Caulet 		n		Artostrobiidae
Phormostichoartus		strongi			Hollis		n		Artostrobiidae
Phorticium		clevei			(Joergensen) Petrushevskaya		n		Pyloniidae
Phorticium		pylonium			Haeckel		n		Pyloniidae
Phrenocodon		clathrostomium			Haeckel		n		Theoperidae
Plagiacantha		arachnoides			Claparede		n		Plagiacanthidae
Plagiacantha		panarium			Dumitrica 		n		Plagiacanthidae
Plannapus		hornibrooki			O'Connor		n		Artostrobiidae
Plannapus		mauricei			O'Connor		n		Artostrobiidae
Plannapus		microcephalus			O'Connor		n		Artostrobiidae
Platybursa		clathrobursa			(Haeckel) Petrushevskaya		n		Trissocyclidae
Plectacantha		cremastoplegma			Nigrini 		n		Plagiacanthidae
Plectacantha		oikiskos			Joergensen		n		Plagiacanthidae
Plectacantha		trichoides			Jorgensen		n		Plagiacanthidae
Plectagonidium		deflandrei			Cachon and Cachon		n		Plagiacanthidae
Plectodiscus		bergontianus			(Carnevale) Petrushevskaya and Kozlova		n		Spongodiscidae
Plectopyramis		dodecomma			Haeckel		n		Theoperidae
Plegmosphaera		coelopila			Haeckel		n		Actinommidae
Plegmosphaera		entodictyon			Haeckel		n		Actinommidae
Plegmosphaera		exodictyon			Haeckel		n		Actinommidae
Plegmosphaera		lepticali			Renz 		n		Actinommidae
Plegmosphaera		oblonga			Takahashi		n		Actinommidae
Plegmosphaera		pachypila			Haeckel		n		Actinommidae
Plegmosphaera		pachyplegma			Haeckel		n		Actinommidae
Pleuropodium	(?)	tortuosum			Nishimura		n		Plagiacanthidae
Podobursa		helvetica			Ruest		n		others
Podobursa		pantanelli			Riedel and Sanfilippo		n		others
Podobursa		polylophia			Foreman		n		others
Podobursa		tetracola			Foreman		n		others
Podobursa		triacantha			Foreman		n		others
Podobursa		tricola			Foreman		n		others
Podocapsa		amphitreptera			Foreman		n		others
Podocyrtis		acalles			Sanfilippo and Riedel		n		Pterocorythidae
Podocyrtis		ampla			(Ehrenberg) Nigrini		n		Pterocorythidae
Podocyrtis		apeza			Sanfilippo and Riedel 		n		Pterocorythidae
Podocyrtis		aphorma			Riedel		n		Pterocorythidae
Podocyrtis		argulus			Ehrenberg		n		Pterocorythidae
Podocyrtis		chalara			Riedel		y	P chalara	Pterocorythidae
Podocyrtis		coronatus			(Ehrenberg) Petrushevskaya and Kozlova		n		Pterocorythidae
Podocyrtis		diamesa			Riedel		n		Pterocorythidae
Podocyrtis		dorus			Sanfilippo		n		Pterocorythidae
Podocyrtis		fasciolata			(Nigrini)		n		Pterocorythidae
Podocyrtis		goetheana			(Haeckel)		y	T goetheana	Pterocorythidae
Podocyrtis		helenae			Nigrini		n		Pterocorythidae
Podocyrtis		mitra			Ehrenberg		y	C mitra	Pterocorythidae
Podocyrtis		mitrella			Ehrenberg		n		Pterocorythidae
Podocyrtis		papalis			Ehrenberg		y	S papalis	Pterocorythidae
Podocyrtis		phyxis			Sanfilippo		n		Pterocorythidae
Podocyrtis		platypus			Sanfilippo		n		Pterocorythidae
Podocyrtis		sinuosa			Ehrenberg		y	D sinuosa	Pterocorythidae
Podocyrtis		trachodes			Riedel		n		Pterocorythidae
Porodiscus		concentricus			(Ehrenberg) Haeckel		n		Spongodiscidae
Praecaneta		cosmoconica			Pessagno et al.		n		others
Praeconosphaera		sphaeroconus			Yang		n		others
Praemesosaturnalis		multidentatus			Kozur and Mostler		n		others
Praestylosphaera		pusilla			Empson-Morin		n		others
Praexitus		alievi			Foreman		n		others
Protoscenium		simplex			Joergensen		n		Plagiacanthidae
Protoxiphotractus		perplexus			Pessagno		n		others
Protunuma		japonicus			Matsuoka		n		others
Protunuma	(?)	ochiensis			Matsuoka		n		others
Protunuma		turbo			Matsuoka		n		others
Prunobrachium		aucklandensis			Pessagno		n		others
Prunobrachium		kennetti			Pessagno		n		others
Prunobrachium		longum			Pessagno		n		others
Prunopyle		hayesi			Chen		y	C hayesi	Actinommidae
Prunopyle		monikae			(Petrushevakaya)		n		Actinommidae
Prunopyle		tetrapila			Hays 		y	B tetrapila	Actinommidae
Prunopyle		titan			Campbell and Clark		y	D titan	Actinommidae
Prunopyle		trypopyrena			Caulet		n		Actinommidae
Pseudoaulophacus		floresensis			Pessagno		n		others
Pseudoaulophacus		lenticularis			Pessagno		n		others
Pseudoaulophacus		pargueraensis			Pessagno		n		others
Pseudoaulophacus		praefloresensis			Pessagno		n		others
Pseudoaulophacus		sculptus			Squinabol		n		others
Pseudoaulophacus		venadoensis			Pessagno		n		others
Pseudocubus		obeliscus			Haeckel		n		Plagiacanthidae
Pseudocubus		octostylus			Haeckel		n		Plagiacanthidae
Pseudocubus		vema			(Hays) Petrushevskaya		n		Plagiacanthidae
Pseudocubus		warreni			Goll 		n		Plagiacanthidae
Pseudodictyomitra		carpatica			Lozynak		n		others
Pseudodictyomitra		excellens			Tan		n		others
Pseudodictyomitra		lanceloti			Schaaf		n		others
Pseudodictyomitra		leptoconica			Foreman		n		others
Pseudodictyomitra		lilyae			Tan		n		others
Pseudodictyomitra		nuda			Schaaf		n		others
Pseudodictyomitra		primitiva			Matsuoka and Yao		n		others
Pseudodictyomitra		pseudomacrocephala			Squinabol		n		others
Pseudodictyomitra		sagitafera			Aliev		n		others
Pseudodictyophimus		amundseni			Goll and Bjoerklund 		n		Plagiacanthidae
Pseudodictyophimus		callosus			(Petrushevskaya) Caulet		n		Plagiacanthidae
Pseudodictyophimus		galeatus			Caulet		n		Plagiacanthidae
Pseudodictyophimus		gracilipes			Caulet 		n		Plagiacanthidae
Pseudodictyophimus		horrida			Petrushevskaya		n		Plagiacanthidae
Pseudodictyophimus		platycephalus			(Haeckel)		n		Plagiacanthidae
Pseudodictyophimus		tanythorax			Funakawa		n		Plagiacanthidae
Pseudoeucyrtis		elido			Schaaf		n		others
Pseudoeucyrtis		hanni			Tan		n		others
Pseudoeucyrtis		tenuis			Ruest		n		others
Pseudoeucyrtis		zhamoidai			Foreman		n		others
Psychospyris		grandis			Riedel and Sanfilippo		n		Trissocyclidae
Psychospyris		intermedia			Riedel and Sanfilippo		n		Trissocyclidae
Psychospyris		parva			Riedel and Sanfilippo		n		Trissocyclidae
Pterocanium		audax			(Riedel)		y	D audax	Theoperidae
Pterocanium		auritum			Nigrini and Caulet 		n		Theoperidae
Pterocanium		charybdeum			Mueller		n		Theoperidae
Pterocanium		contiguum			Ehrenberg		n		Theoperidae
Pterocanium	(?)	gigas			Nishimura		n		Theoperidae
Pterocanium		grandiporus			Nigrini 		n		Theoperidae
Pterocanium		korotnevi			(Dogel) in Dogel and Reshetnyak 		n		Theoperidae
Pterocanium		orcinum			Haeckel		n		Theoperidae
Pterocanium		praetextum			(Ehrenberg) Haeckel		n		Theoperidae
Pterocanium		prismatium			Riedel		y	A prismatium	Theoperidae
Pterocanium	(?)	procerum			Nishimura		n		Theoperidae
Pterocanium		satelles			(Kozlova) Petrushevskaya		n		Theoperidae
Pterocodon		ampla			(Brandt)		n		Theoperidae
Pterocodon		anteclinata			Foreman		n		Theoperidae
Pterocodon		campana			Ehrenberg		n		Theoperidae
Pterocodon		campanella			Ehrenberg		n		others
Pterocodon		lex			Sanfilippo		n		Theoperidae
Pterocodon		poculum			Nishimura		n		others
Pterocodon		tenellus			Foreman		n		Theoperidae
Pterocorys		campanula			Haeckel		n		Pterocorythidae
Pterocorys		clausus			(Popofsky) Petrushevskaya and Kozlova		n		Pterocorythidae
Pterocorys		hertwigii			(Haeckel) Petrushevskaya		n		Pterocorythidae
Pterocorys		longicollis			Caulet		n		Pterocorythidae
Pterocorys		macroceras			(Popofsky) Petrushevskaya		n		Pterocorythidae
Pterocorys		minythorax			(Nigrini) Nigrini and Moore		n		Pterocorythidae
Pterocorys		sabae			(Ehrenberg) Haeckel		n		Pterocorythidae
Pterocorys		zancleus			(Mueller) Nigrini and Moore		n		Pterocorythidae
Pterocyrtidium		barbadense			Petrushevskaya and Kozlova		n		others
Pterocyrtidium	(?)	borisenkoi			Nishimura		n		Theoperidae
Pterocyrtidium		genriettae			Nishimura		n		Theoperidae
Pteropilium		stratiotes			Haeckel		n		Plagiacanthidae
Pteroscenium		pinnatum			Haeckel		n		Plagiacanthidae
Pterosyringium		hamata			OConnor		n		others
Pylolena		armata			Haeckel		n		Pyloniidae
Pylospira		octopyle			Haeckel		n		Litheliidae
Rhabdolithis		ellida			Sanfilippo and Riedel		n		Plagiacanthidae
Rhabdolithis		pipa			Ehrenberg		n		Plagiacanthidae
Rhaphidozoum		pandora			Haeckel		n		Sphaerozoidae
Rhizoplegma		boreale			Popofsky 		n		Actinommidae
Rhizoplegma		densum			Blueford		n		Actinommidae
Rhodospyris		anthocyrtis			(Haeckel) Petrushevskaya and Kozlova		n		Trissocyclidae
Rhodospyris		tricornis			Haeckel		n		Trissocyclidae
Rhopalastrum		abyssorum			(Ehrenberg) Petrushevskaya		n		Spongodiscidae
Rhopalastrum		angulatum			(Ehrenberg) Petrushevskaya and Kozlova		n		Spongodiscidae
Rhopalastrum		oraculibrachium			Caulet		n		Spongodiscidae
Rhopalastrum		oracutibrachium			Caulet		n		Spongodiscidae
Rhopalocanium		ornatum			Ehrenberg		n		Theoperidae
Rhopalodictyum		californicum			Clark & Campbell		n		others
Rhopalosyringium		antirrhopum			Riedel		n		others
Rhopalosyringium		colpodes			Foreman		n		others
Rhopalosyringium		hispidum			O'Dogherty		n		others
Rhopalosyringium		magnificum			Campbell and Clark		n		others
Rhopalosyringium		majuroensis			Schaaf		n		others
Rhopalosyringium		petilum			O'Dogherty		n		others
Ristola		altissima			Ruest		n		others
Saccospyris		antarctica			Haecker		y	C antarctica	Cannobotryidae
Saccospyris		conithorax			Petrushevskaya 		n		Cannobotryidae
Saccospyris		preantarctica			Petrushevskaya 		n		Cannobotryidae
Saitoum		cepeki			Schaaf		n		others
Saturnalis		circularis			Haeckel		y	T circularis	Actinommidae
Saturnalis		kennetti			Dumitrica		n		others
Savaryella		quadra			O'Dogherty		n		others
Schizodiscus		codrant			Petrushevskaya		n		Spongodiscidae
Schizodiscus		disymmetricus			Dogel		n		Spongodiscidae
Schizodiscus		favus			(Ehrenberg) Petrushevskaya		n		Spongodiscidae
Sciadiocapsa		monticelloensis			Squinabol		n		others
Sciadiocapsa		speciosa			Squinabol		n		others
Semantis		gracilis			Popofsky		n		Trissocyclidae
Sethocapsa		dorysphaeroides			Neviani		n		others
Sethocapsa		leiostraca			Foreman		n		others
Sethocapsa		trachyostraca			Foreman		n		others
Sethocapsa		uterculus			Parona		n		others
Sethochytris		babylonis			(Clark and Campbell) Riedel and Sanfilippo		y	S babylonis	Theoperidae
Sethochytris		chrysallis					n		others
Sethoconus		myxobrachia			Strelkov 		n		Theoperidae
Sethoconus		tabulatus			Haeckel		n		Theoperidae
Sethocytris		cavipodis			O'Connor		n		Theoperidae
Sethodiscus		macrococcus			Haeckel		n		Coccodiscidae
Sethophormis		aurelia			Haeckel		n		Plagiacanthidae
Siphocampe		acephala			(Ehrenberg)		n		Artostrobiidae
Siphocampe		altamontensis			(Campbell and Clark)		n		Artostrobiidae
Siphocampe		arachnea			(Ehrenberg) Nigrini		n		Artostrobiidae
Siphocampe		bassilis			(Foreman) Sanfilippo and Riedel		n		Artostrobiidae
Siphocampe		daseia			Sanfilippo and Riedel		n		others
Siphocampe		elizabethae			(Clark and Campbell)		n		Artostrobiidae
Siphocampe		grantmackiei			O'Connor		n		Artostrobiidae
Siphocampe		imbricata			(Ehrenberg)		n		Artostrobiidae
Siphocampe		lineata			(Ehrenberg) Nigrini		y	C lineata	Artostrobiidae
Siphocampe		minuta			(Clark and Campbell)		n		Artostrobiidae
Siphocampe		modeloensis			(Campbell and Clark) Caulet		n		Artostrobiidae
Siphocampe		nodosaria			(Haeckel)		y	S nodosaria	Artostrobiidae
Siphocampe		pachyderma			(Ehrenberg)		n		Artostrobiidae
Siphocampe		quadrata			Petrushevskaya and Kozlova		n		Artostrobiidae
Siphocampe		septata			(Petrushevskaya)		n		Artostrobiidae
Siphocampe		stathmeporoides			(Petrushevskaya)		n		Artostrobiidae
Siphocampium		davidi			Schaaf		n		others
Siphocampium		rutteni			Tan		n		others
Siphonosphaera		cyathina			Haeckel		n		Collosphaeridae
Siphonosphaera		hyalina			Caulet 		n		Collosphaeridae
Siphonosphaera		magnisphaera			Takahashi		n		Collosphaeridae
Siphonosphaera		martensi			Brandt		n		Collosphaeridae
Siphonosphaera		patinaria			Haeckel		n		others
Siphonosphaera		polysiphonia			Haeckel		n		Collosphaeridae
Siphonosphaera		socialis			Haeckel		n		Collosphaeridae
Siphonosphaera		tenera			Brandt		n		Collosphaeridae
Siphonosphaera		vesuvius			Lazarus 		n		Collosphaeridae
Siphostichartus		corona			(Haeckel) Nigrini		y	C corona	Artostrobiidae
Siphostichartus		praecorona			Nigrini 		n		Artostrobiidae
Solenosphaera		omnitubus			Riedel and Sanfilippo		y	L omnitubus	Collosphaeridae
Solenosphaera		polysolenia			Strelkov 		n		Collosphaeridae
Solenosphaera		zanguebarica			Brandt		n		Collosphaeridae
Solenotryma		ichikawai			Matsuoka		n		others
Sphaeropyle		antarctica			(Dreyer) 		n		Actinommidae
Sphaeropyle		langii			Dreyer		y	P langii	Actinommidae
Sphaeropyle		mespilus			Dreyer		n		Actinommidae
Sphaeropyle		robusta			Kling		y	E robusta	Actinommidae
Sphaeropyle		thirencis			Schaaf		n		others
Sphaerozoum		crassus			Goll 		n		Collosphaeridae
Sphaerozoum		punctatum			Mueller		n		Collosphaeridae
Spirema		circularis			Nakaseko in Nakaseko and Sugano 		n		Pyloniidae
Spirema		melonia			Haeckel		n		Pyloniidae
Spirocyrtis		greeni			OConnor		n		others
Spirocyrtis		gyroscalaris			Nigrini 		n		Artostrobiidae
Spirocyrtis		scalaris			Haeckel		n		Artostrobiidae
Spirocyrtis		subscalaris			Nigrini 		n		Artostrobiidae
Spirocyrtis		subtilis			Petrushevskaya 		n		Artostrobiidae
Spongaster		berminghami			(Campbell and Clark) Riedel and Sanfilippo		y	G berminghami	Spongodiscidae
Spongaster		pentas			Riedel and Sanfilippo		y	S pentas	Spongodiscidae
Spongaster		tetras			Ehrenberg		y	C tetras	Spongodiscidae
Spongasteriscus		marylandicus			Martin 		n		Spongodiscidae
Spongatractus		balbis			Sanfilippo and Riedel		n		Actinommidae
Spongatractus		pachystylus			(Ehrenberg)		y	T pachystylus	Actinommidae
Spongobrachium		ellipticum			Haeckel		n		Spongodiscidae
Spongocapsula		palmerae			Pessagno		n		others
Spongocapsula		perampla			Ruest		n		others
Spongocapsula		zamoraensis			Pessagno		n		others
Spongocyclia		lanigera			Renz		n		others
Spongocyclia		trachodes			Renz		n		others
Spongodictyon		spongiosum			(Mueller)		n		Actinommidae
Spongodiscus		ambus			Sanfilippo 		n		Spongodiscidae
Spongodiscus		americanus			Kozlova		n		others
Spongodiscus		biconcavus			Haeckel		n		Spongodiscidae
Spongodiscus		craticulatus			(Stoehr) Petrushevskaya		n		Spongodiscidae
Spongodiscus		cruciferus			(Clark and Campbell)		n		Spongodiscidae
Spongodiscus		gigas			Campbell and Clark		n		Spongodiscidae
Spongodiscus		klingi			Caulet 		n		Spongodiscidae
Spongodiscus		osculosus			(Dreyer)		n		Spongodiscidae
Spongodiscus		phrix			Sanfilippo and Riedel		n		Spongodiscidae
Spongodiscus		pulcher			Clark and Campbell		n		Spongodiscidae
Spongodiscus		quartus			(Borisenko) Sanfilippo and Riedel		n		Spongodiscidae
Spongodiscus		resurgens			Ehrenberg		n		Spongodiscidae
Spongodiscus		rhabdostylus			(Ehrenberg)		n		Spongodiscidae
Spongodiscus		setosus			(Dreyer) Petrushevskaya		n		Spongodiscidae
Spongodrymus		elaphococcus			Haeckel		n		Actinommidae
Spongoliva		ellipsoides			Popofsky		n		Coccodiscidae
Spongomelissa		adunca			Sanfilippo and Riedel		n		Plagiacanthidae
Spongomelissa		cucumella			Sanfilippo and Riedel		n		Plagiacanthidae
Spongomelissa		dilli			Chen		n		Plagiacanthidae
Spongoplegma		rugosa			Hollande 		n		Actinommidae
Spongoplegma		variabile			Nakaseko		n		Actinommidae
Spongopyle		ecleptos			Renz		n		others
Spongopyle		insolita			Kozlova		n		others
Spongopyle		osculosa			Dreyer		y	A osculosa	Spongodiscidae
Spongopyle		stauromorphos			Renz		n		others
Spongopyle		trabeata			Renz		n		others
Spongosphaera		helioides			Haeckel 		n		Actinommidae
Spongosphaera		streptacantha			Haeckel		n		Actinommidae
Spongotripus		trigonus			Ruest		n		others
Spongotrochus		americanus			Kozlova and Gorbovets		n		Spongodiscidae
Spongotrochus		glacialis			Popofsky 		y	C glacialis	Spongodiscidae
Spongotrochus		longispinus			Haeckel		n		Spongodiscidae
Spongotrochus		vitabilis			Goll and Bjoerklund 		n		Spongodiscidae
Spongurus		bilobatus			Clark and Campbell		n		Spongodiscidae
Spongurus		cauleti			Goll and Bjoerklund		n		Spongodiscidae
Spongurus		cylindricus			Haeckel		n		Spongodiscidae
Spongurus	(?)	irregularis			Nishimura		n		Spongodiscidae
Spongurus		pylomaticus			Riedel 		n		Spongodiscidae
Spongurus		quadratus			Campbell and Clark		n		others
Spongurus		sp.	cf. elliptica		(Ehrenberg)		n		Spongodiscidae
Spongurus		spatulaeformis			Clark		n		Spongodiscidae
Squinabollum		fossilis			Dumitrica		n		others
Staurosphaera		glebulosa			Foreman		n		others
Staurosphaera		hindei			Squinabol		n		others
Staurosphaeretta		euganea			Squinabol		n		others
Stauroxiphos		communis			Carnevale 		n		Actinommidae
Stephanastrum		inflexum			Ruest		n		others
Stichocampe		bironec			Renz 		n		Theoperidae
Stichocampe	(?)	magnacornus			Nishimura		n		Theoperidae
Stichocapsa		campi			Petrushevskaya		n		others
Stichocapsa		cribata			Hinde		n		others
Stichocapsa		decora			Ruest		n		others
Stichocapsa		euganea			Squinabol		n		others
Stichocapsa		perspicua			Squinabol		n		others
Stichocapsa		robusta			Matsuoka		n		others
Stichocorys		armata			(Haeckel) Riedel and Sanfilippo		n		Theoperidae
Stichocorys		delmontensis			(Campbell and Clark) Sanfilippo and Riedel		y	C delmontensis	Theoperidae
Stichocorys		diploconus			(Haeckel) Sanfilippo and Riedel		n		Theoperidae
Stichocorys		greeni			O'Connor 		n		Theoperidae
Stichocorys		johnsoni			Caulet		y	D johnsoni	Theoperidae
Stichocorys		negripontensis			O'Connor		n		Theoperidae
Stichocorys		peregrina			(Riedel)		y	E peregrina	Theoperidae
Stichocorys		wolffii			Haeckel		y	B wolffii	Theoperidae
Stichomitra		communis			Squinabol		n		others
Stichomitra		livermorensis			Foreman		n		others
Stichopilidium		columba			(Haeckel)		n		Theoperidae
Stichopilidium		kruegeri			(Popofsky) Nishimura and Yamauchi		n		Theoperidae
Stichopilidium		sphinx			(Ehrenberg) Petrushevskaya & Kozlova		n		Theoperidae
Stichopilium		bicorne			Haeckel		n		Theoperidae
Stichopilium		variabilis			Popofsky 		n		Theoperidae
Stigmosphaera		cruciata			Hollande and Enjumet		n		Actinommidae
Stomatosphaera		haackei			(Dreyer)		n		Pyloniidae
Streblacantha		circumtexta			(Joergensen) Joergensen		n		Pyloniidae
Striatojaponocapsa		lacrimalis			O'Dogherty		n		others
Stylacontarium		acquilonium			(Hays) Kling		y	C acquilonium	Actinommidae
Stylacontarium		bispiculum			Popofsky		y	C bispiculum	Actinommidae
Stylatractus		coronatus			(Ehrenberg)		n		Actinommidae
Stylatractus		fragilis			Haeckel		n		Actinommidae
Stylatractus		giganteus			Haeckel		n		Actinommidae
Stylatractus		neptunus			Haeckel		y	L neptunus	Actinommidae
Stylatractus		ostracion			(Haeckel)		n		Actinommidae
Stylatractus		pluto			(Haeckel)		n		Actinommidae
Stylatractus		santaennae			(Campbell and Clark) Petrushevskaya and Kozlova		n		Actinommidae
Stylatractus		transparum			Lazarus		n		Actinommidae
Stylatractus		universus			Hays		y	C universus	Actinommidae
Stylocapsa		catenarum			Matsuoka		n		others
Stylocapsa		oblongula			Baumgartner		n		others
Stylocapsa		tecta			Matsuoka		n		others
Stylochlamydium		asteriscus			Haeckel		n		Spongodiscidae
Stylochlamydium		venustum			(Bailey) Haeckel		n		Spongodiscidae
Stylocyclia		dimidiata			Ehrenberg		n		Coccodiscidae
Stylodictya		aculeata			Joergensen		n		Spongodiscidae
Stylodictya		gracilis			Ehrenberg		n		Spongodiscidae
Stylodictya		hastata			Ehrenberg		n		Spongodiscidae
Stylodictya		inaequalispina			Clark		n		Spongodiscidae
Stylodictya		multispina			Haeckel		y	D multispina	Spongodiscidae
Stylodictya		ocellata			Ehrenberg		n		Spongodiscidae
Stylodictya		orbiculata			(Haeckel) Petrushevskaya and Kozlova		n		Spongodiscidae
Stylodictya		rosella			Petrushevskaya 		n		Spongodiscidae
Stylodictya		stellata			Bailey		n		Spongodiscidae
Stylodictya		tainemplekta			Caulet		n		Spongodiscidae
Stylodictya		targaeformis			(Clark and Campbell)		n		Spongodiscidae
Stylodictya		tenuispina			Joergensen 		n		Spongodiscidae
Stylodictya		validispina			Joergensen		n		Spongodiscidae
Stylosphaera		dixyphos			(Ehrenberg) Haeckel		n		Actinommidae
Stylosphaera		hexaxyphophora			(Campbell and Clark) Blueford		n		Actinommidae
Stylosphaera		hispida			Ehrenberg		n		Actinommidae
Stylosphaera		laevis			Ehrenberg		y	A laevis	Actinommidae
Stylosphaera		macrosphaera			Jackett et al.		n		others
Stylosphaera		minor			(Clark and Campbell) Sanfilippo and Riedel		n		Actinommidae
Stylosphaera		radiosa			Ehrenberg		n		Actinommidae
Stylospongia		huxleyi			Haeckel		n		Spongodiscidae
Stylotrochus		alveatus			Sanfilippo and Riedel		n		Spongodiscidae
Stylotrochus		charlestonensis			(Campbell and Clark)		n		Spongodiscidae
Stylotrochus		nitidus			Sanfilippo and Riedel		n		Spongodiscidae
Stylotrochus		quadribrachiatus			Sanfilippo and Riedel		n		Spongodiscidae
Stylotrochus		sol			Campbell and Clark		n		Spongodiscidae
Styptosphaera		spongiacea			Haeckel		n		Actinommidae
Styptosphaera		spumacea			Haeckel		n		Actinommidae
Suna		echiodes			Foreman		n		others
Suna		hybum			Foreman		n		others
Tepka		perforata			Sanfilippo and Riedel		n		Unknown
Teshysetta		sphaerica			Steiger		n		others
Tessarastrum		thiedei			Goll and Bjoerklund		n		Spongodiscidae
Tethysetta		ananassa			Ruest		n		others
Tethysetta		boesii			Parona		n		others
Tetracorethra		tetracorethra			Haeckel 		n		Pterocorythidae
Tetraphormis		dodecaster			(Haeckel) Takahashi		n		Plagiacanthidae
Tetraplecta		pinigera			Haeckel		n		Plagiacanthidae
Tetraplecta		plectaniscus			Takahashi		n		Plagiacanthidae
Tetrapyle		octacantha			Mueller		n		Pyloniidae
Tetratrabs		zealis			Ozvoldova		n		others
Thanarla		brouweri			Mattson and Pessagno		n		others
Thanarla		conica			Mekik		n		others
Thanarla		elegantissima			Cita		n		others
Thanarla		lacrimula			O'Dogherty		n		others
Thanarla		praeveneta			Pessagno		n		others
Thanarla		pseudodecora			Tan		n		others
Thanarla		pulchra			Squinabol		n		others
Thanarla		veneta			Squinabol		n		others
Thecosphaera		akitaensis			Nakaseko 		n		Actinommidae
Thecosphaera		californica			Clark and Campbell		n		others
Thecosphaera		dedoensis			Nakaseko		n		others
Thecosphaera		inermis			(Haeckel) Haeckel		n		Actinommidae
Thecosphaera		japonica			Nakaseko 		n		Actinommidae
Thecosphaera		larnacium			Sanfilippo and Riedel		n		Actinommidae
Thecosphaera		miocenica			Nakaseko 		n		Actinommidae
Thecosphaera		pseudojaponica			Nakaseko		n		Actinommidae
Thecosphaera		radians			Hollande 		n		Actinommidae
Thecosphaera		sanfilippoae			Blueford		n		Actinommidae
Thecosphaerella		agdaraensis			(Mamedov) Sanfilippo and Riedel		n		Actinommidae
Thecosphaerella		glebulenta			Sanfilippo and Riedel		n		Actinommidae
Thecosphaerella		ptomatus			Sanfilippo and Riedel		n		Actinommidae
Thecosphaerella		rotunda			(Borisenko) Sanfilippo and Riedel		n		Actinommidae
Theocampe		apicata			Foreman		n		others
Theocampe		ascalia			Foreman		n		others
Theocampe		ixys			Riedel		n		others
Theocampe		tina			Sanfilippo and Riedel		n		others
Theocampe		urna			Petrushevskaya		n		others
Theocampe		vanderhoofi			Campbell and Clark		n		others
Theocamptra		formaster			Petrushevskaya		n		Artostrobiidae
Theocamptra		spirocyrtis			Petrushevskaya 		n		Artostrobiidae
Theocapsa		elata			Tan		n		others
Theocapsomma		amphora			Campbell		n		others
Theocapsomma		cordis			Kocher		n		others
Theocorys		acroria			Foreman		n		Theoperidae
Theocorys		anaclasta			Riedel		n		Theoperidae
Theocorys		anapographa			Riedel		n		Theoperidae
Theocorys		bianulus			O'Connor		n		others
Theocorys		cretica			(Ehrenberg) Haeckel		n		Theoperidae
Theocorys		phyzella			Foreman		n		Theoperidae
Theocorys		plesioanaclasta			Kamikuri & Moore in Kamikuri et al. 		n		others
Theocorys		puriri			O'Connor		n		Theoperidae
Theocorys		redondoensis			(Campbell and Clark) Kling		y	D redondoensis	Theoperidae
Theocorys		saginata			Takemura and Ling 		n		Theoperidae
Theocorys		spongoconus			Kling		y	L spongoconus	Theoperidae
Theocorys		veneris			Haeckel		n		Theoperidae
Theocorythium		trachelium			(Ehrenberg) Nigrini		y	S trachelium	Pterocorythidae
Theocorythium		vetulum			Nigrini		y	C vetulum	Pterocorythidae
Theocotyle		conica			Foreman		n		Theoperidae
Theocotyle		cryptocephala			(Ehrenberg) Sanfilippo and Riedel		n		Theoperidae
Theocotyle		nigriniae			Riedel and Sanfilippo 		n		Theoperidae
Theocotyle		venezuelensis			Riedel and Sanfilippo		n		Theoperidae
Theocotylissa		alpha			Foreman		n		Theoperidae
Theocotylissa		auctor			Foreman		n		Theoperidae
Theocotylissa		ficus			(Ehrenberg)		y	G ficus	Theoperidae
Theocotylissa		fimbria			Foreman		n		Theoperidae
Theocyrtis		annosa			(Riedel)		y	T annosa	Pterocorythidae
Theocyrtis		careotuberosa			Nigrini & Sanfilippo in Nigrini et al.		y	C careotuberosa	others
Theocyrtis		diabloensis			Clark		n		Pterocorythidae
Theocyrtis		litos			(Clark and Campbell)		n		Pterocorythidae
Theocyrtis		perpumila			Sanfilippo in Nigrini et al.		y	C perpumila	others
Theocyrtis		perysinos			Nigrini & Sanfilippo in Nigrini et al.		n		others
Theocyrtis		robusta			(Clark andCampbell) Caulet		n		Pterocorythidae
Theocyrtis		setanios			Nigrini & Sanfilippo in Nigrini et al.		n		others
Theocyrtis		tuberosa			Riedel		y	D tuberosa	Pterocorythidae
Theopilium		tricostatum			Haeckel		n		Theoperidae
Tholodiscus		splendens			(Ehrenberg) Petrushevskaya and Kozlova		n		Spongodiscidae
Tholoma		metallasson			Haeckel		n		Tholoniidae
Tholospira		cervicornis			Haeckel		n		Pyloniidae
Tholospira		dendrophora			Haeckel		n		Pyloniidae
Tholospyris		anthophora			(Haeckel)		y	L anthophora	Trissocyclidae
Tholospyris		baconiana			Goll 		n		Trissocyclidae
Tholospyris		capoi			(Goll) De Wever et al.		n		Trissocyclidae
Tholospyris		cortinisca			(Haeckel) Goll		n		Trissocyclidae
Tholospyris		devexa			Goll 		n		Trissocyclidae
Tholospyris		fornicata			Popofsky 		n		Trissocyclidae
Tholospyris		gephyristes			Huelsemann 		n		Trissocyclidae
Tholospyris		infericosta			Goll 		n		Trissocyclidae
Tholospyris		kantiana			(Haeckel) Goll		n		Trissocyclidae
Tholospyris		macropora			Takahashi		n		Trissocyclidae
Tholospyris		mammillaris			(Haeckel) 		n		Trissocyclidae
Tholospyris		procera			Goll 		n		Trissocyclidae
Tholospyris		rhombus			Goll		n		Trissocyclidae
Tholospyris		scaphipes			(Haeckel) Goll		n		Trissocyclidae
Tholospyris		tripodiscus			Haeckel		n		Trissocyclidae
Thyrsocyrtis		bromia			Ehrenberg		y	D bromia	Theoperidae
Thyrsocyrtis		clausa			Chen 		n		Theoperidae
Thyrsocyrtis		hirsuta			(Krasheninnikov) Riedel and Sanfilippo		n		Theoperidae
Thyrsocyrtis		krooni			Sanfilippo and Blome		y	D krooni	others
Thyrsocyrtis		lochites			Sanfilippo		y	B lochites	Theoperidae
Thyrsocyrtis		orthotenes			Sanfilippo in Nigrini et al.		y	E orthotenes	others
Thyrsocyrtis		pinguisicoides			O'Connor		n		others
Thyrsocyrtis		rhizodon			Ehrenberg		y	P rhizodon	Theoperidae
Thyrsocyrtis		robusta			Riedel and Sanfilippo		n		Theoperidae
Thyrsocyrtis		schomburgkii			(Ehrenberg)		n		Theoperidae
Thyrsocyrtis		tarsipes			Foreman		n		Theoperidae
Thyrsocyrtis		tensa			Foreman		n		Theoperidae
Thyrsocyrtis		tetracantha			(Ehrenberg)		y	S tetracantha	Theoperidae
Thyrsocyrtis		triacantha			(Ehrenberg)		y	L triacantha	Theoperidae
Torculum		coronatum			Squinabol		n		others
Transhsuum		brevicostatum			De Wever		n		others
Transhsuum		maxwelli			Pessagno		n		others
Triactinosphaera		morenoensis			Foreman		n		others
Triactoma		blakei			Pessagno		n		others
Tribonosphaera		centripetalis			Haeckel		n		Collosphaeridae
Triceraspyris		antarctica			(Haecker) Haecker		y	D antarctica	Trissocyclidae
Triceraspyris		coronata			Weaver 		n		Trissocyclidae
Triceraspyris		pacifica			Campbell and Clark		n		Trissocyclidae
Tricolocampe		vitrea			Krasheninnikov		n		Artostrobiidae
Tricolocapsa		bergontiana			(Ehrenberg) Petrushevskaya and Kozlova		n		Carpocaniidae
Tricolocapsa		conexa			Matsuoka		n		others
Tricolocapsa		yaoi			Matsuoka		n		others
Tricolospyris		leibnitziana			Haeckel		n		Trissocyclidae
Tricolospyris		newtoniana			Haeckel		n		Trissocyclidae
Trigonastrum		regulare			Haeckel		n		Spongodiscidae
Trigonocyclia		prima			Petrushevskaya		n		Coccodiscidae
Trilobatum		acuferum			Popofsky		n		Actinommidae
Tripilidium		clavipes			Clark and Campbell		n		Plagiacanthidae
Tripocalpis		cassidus			Nishimura		n		Plagiacanthidae
Tripocalpis		ellyae			Tan		n		others
Tripocalpis		simplex			Nishimura		n		Plagiacanthidae
Tripocyclia		trigonum			Ruest		n		others
Tripodiscinus		tumulosus			(Kozlova) Petrushevskaya and Kozlova		n		Plagiacanthidae
Tripophaenoscenium		laimingi			Campbell and Clark		n		Plagiacanthidae
Trisolenia		megalactis		megalactis	Ehrenberg 		n		Collosphaeridae
Trisolenia		megalactis			Ehrenberg		n		others
Tristylospyris		palmipes			Haeckel		n		Trissocyclidae
Trisulcus		nana			(Popofsky) Petrushevskaya		n		Plagiacanthidae
Trisulcus		triacanthus			Popofsky		n		Plagiacanthidae
Tritrabs		ewingi			Pessagno		n		others
Tympanidium		foliosum			Haeckel		n		Trissocyclidae
Tympanomma		binoctonum			Haeckel 		n		Trissocyclidae
Udan		undulata			Renz		n		Theoperidae
Ultranapora		crassispina			Squinabol		n		others
Valkyria		pukapuka			O'Connor		n		Theoperidae
Vallupus		hopsoni			Pessagno and Blome		n		others
Velicucullus		altus			Abelmann		n		Plagiacanthidae
Velicucullus		magnificum			(Clark and Campbell) Caulet		n		Plagiacanthidae
Velicucullus		oddgurneri			Bjorklund		n		Plagiacanthidae
Velicucullus		palaeocenica			Nishimura		n		Plagiacanthidae
Wildeus		punctulatus			Pessagno		n		others
Williriedellum		carpathicum			Dumitrica		n		others
Williriedellum		gilkeyi			Dumitrica		n		others
Williriedellum		peterschmittae			Schaaf		n		others
Windalia		epiplatys			Renz		n		others
Xiphatractus		brevispina			Carnevale 		n		Actinommidae
Xiphatractus		spumeus			Dumitrica 		n		Actinommidae
Xiphosphaera		fresnoensis			Petrushevskaya		n		others
Xiphosphaera		gaea			Haeckel		n		Actinommidae
Xiphosphaera		tesseractis			Dreyer 		n		Actinommidae
Xiphospira		fresnoensis			Petrushevskaya		n		others
Xitus		alievi			Schaaf		n		others
Xitus		asymbatos			Iwata and Kato		n		others
Xitus		spicularius			Aliev		n		others
Xitus		spinosus			Squinabol		n		others
Xitus		vermiculatus			Dumitrica et al.		n		others
Zhamoidellum		mikamense			Aita		n		others
Zhamoidellum		ornatum			Zhamoida		n		others
Zygocircus		buetschli			Haeckel		n		Trissocyclidae
Zygocircus		cimelium			Petrushevskaya		n		Trissocyclidae
Zygocircus		piscicaudatus			Popofsky 		n		Trissocyclidae
Zygocircus		productus			(Hertwig) Haeckel		n		Trissocyclidae
Zygospyris		brevispina			Carnevale 		n		Trissocyclidae
